group_x,n_x,region,mean_x,se_x,std_x,sample_size_x,group_y,n_y,mean_y,se_y,std_y,sample_size_y,comparison,p_value,group1,group2,t,significant,NPVR,num,anat,n,timepoint,NPVR_CI_low,NPVR_CI_high,test,sample_size,alpha,std_t,std_p,std_p_low,std_p_high,proba_significant,metric,study,clinical_measure,r,std_r
PD,76.0,Caudate,2.248,0.032,0.27896953238660316,76.0,Control,70.0,2.37,0.03,0.25099800796022265,70.0,Control vs. PD,0.001,Control,PD,-2.781360590784072,True,0.094429123790175,80.2582783197474,849.931409912097,198,hc & pd,0.0918567374961844,0.0970748305798347,T,146,0.05,0.094429123790175,0.001692987930361618,0.0016468684835940007,0.001740421915581289,0.9999999989203617,subcortical volume,cross-sectional,,,
PDE,22.0,Caudate,2.268,0.03,0.1407124727947029,22.0,Control,70.0,2.37,0.03,0.25099800796022265,70.0,Control vs. PDE,0.058,Control,PDE,-2.404163056034269,False,0.094429123790175,80.2582783197474,849.931409912097,198,hc & pd,0.0918567374961844,0.0970748305798347,T,92,0.05,0.094429123790175,0.004424548540197748,0.004304017420506421,0.0045485151475761175,0.030841384321811348,subcortical volume,cross-sectional,,,
PDL,27.0,Caudate,2.214,0.05,0.2598076211353316,27.0,Control,70.0,2.37,0.03,0.25099800796022265,70.0,Control vs. PDL,0.003,Control,PDL,-2.6753779282231402,True,0.094429123790175,80.2582783197474,849.931409912097,198,hc & pd,0.0918567374961844,0.0970748305798347,T,97,0.05,0.094429123790175,0.0022995025946608923,0.0022368608087364006,0.0023639298537875665,0.999999999996706,subcortical volume,cross-sectional,,,
PDL,27.0,Caudate,2.214,0.05,0.2598076211353316,27.0,PDE,22.0,2.268,0.03,0.1407124727947029,22.0,PDE vs. PDL,0.394,PDE,PDL,-0.9260923597695446,False,0.094429123790175,80.2582783197474,849.931409912097,198,hc & pd,0.0918567374961844,0.0970748305798347,T,49,0.05,0.094429123790175,0.04855707170616248,0.04723430664470962,0.049917539421445396,1.5722026700350644e-25,subcortical volume,cross-sectional,,,
PDL,27.0,Caudate,2.214,0.05,0.2598076211353316,27.0,PDM,27.0,2.257,0.043,0.22343455417638516,27.0,PDM vs. PDL,0.477,PDM,PDL,-0.6520392688280496,False,0.094429123790175,80.2582783197474,849.931409912097,198,hc & pd,0.0918567374961844,0.0970748305798347,T,54,0.05,0.094429123790175,0.06042881700986813,0.0587826483873184,0.062121906228924786,2.6570698289235287e-24,subcortical volume,cross-sectional,,,
PDM,27.0,Caudate,2.257,0.043,0.22343455417638516,27.0,Control,70.0,2.37,0.03,0.25099800796022265,70.0,Control vs. PDM,0.024,Control,PDM,-2.1552173450240395,True,0.094429123790175,80.2582783197474,849.931409912097,198,hc & pd,0.0918567374961844,0.0970748305798347,T,97,0.05,0.094429123790175,0.00759940613180971,0.007392387286444025,0.0078123256167451655,0.9970534079901143,subcortical volume,cross-sectional,,,
PDM,27.0,Caudate,2.257,0.043,0.22343455417638516,27.0,PDE,22.0,2.268,0.03,0.1407124727947029,22.0,PDE vs. PDM,0.868,PDE,PDM,-0.209799918542157,False,0.094429123790175,80.2582783197474,849.931409912097,198,hc & pd,0.0918567374961844,0.0970748305798347,T,49,0.05,0.094429123790175,0.07327897256502364,0.07128274706702117,0.0753320962992369,9.29394500028671e-22,subcortical volume,cross-sectional,,,
PD,76.0,CortexVol,294.5,2.2,19.179155351578967,76.0,Control,70.0,305.3,2.1,17.569860557215588,70.0,Control vs. PD,0.001,Control,PD,-3.5510181257957214,True,0.0274752674431256,2460.196809333233,89542.23337137268,198,hc & pd,0.026726801307281,0.0282450670420662,T,146,0.05,0.0274752674431256,4.977944313216809e-05,4.8423378900118116e-05,5.117415914131898e-05,1.0,cortical volume,cross-sectional,,,
PDE,22.0,CortexVol,292.6,3.6,16.88549673536435,22.0,Control,70.0,305.3,2.1,17.569860557215588,70.0,Control vs. PDE,0.001,Control,PDE,-3.0472200115028043,True,0.0274752674431256,2460.196809333233,89542.23337137268,198,hc & pd,0.026726801307281,0.0282450670420662,T,92,0.05,0.0274752674431256,0.0002508388319278681,0.00024400561832434417,0.0002578668120054602,1.0,cortical volume,cross-sectional,,,
PDL,27.0,CortexVol,292.6,3.5,18.186533479473212,27.0,Control,70.0,305.3,2.1,17.569860557215588,70.0,Control vs. PDL,0.001,Control,PDL,-3.1114743304426575,True,0.0274752674431256,2460.196809333233,89542.23337137268,198,hc & pd,0.026726801307281,0.0282450670420662,T,97,0.05,0.0274752674431256,0.00020737696129749874,0.0002017277120879385,0.00021318723055026545,1.0,cortical volume,cross-sectional,,,
PDL,27.0,CortexVol,292.6,3.5,18.186533479473212,27.0,PDE,22.0,292.6,3.6,16.88549673536435,22.0,PDE vs. PDL,0.999,PDE,PDL,0.0,False,0.0274752674431256,2460.196809333233,89542.23337137268,198,hc & pd,0.026726801307281,0.0282450670420662,T,49,0.05,0.0274752674431256,0.0218058031480362,0.021211781442697634,0.022416756200729263,3.8118913152208806e-05,cortical volume,cross-sectional,,,
PDL,27.0,CortexVol,292.6,3.5,18.186533479473212,27.0,PDM,27.0,296.8,3.0,15.588457268119896,27.0,PDM vs. PDL,0.332,PDM,PDL,-0.9111079228383535,False,0.0274752674431256,2460.196809333233,89542.23337137268,198,hc & pd,0.026726801307281,0.0282450670420662,T,54,0.05,0.0274752674431256,0.014339069132776487,0.013948452091918417,0.014740819896092702,1.8086067984827436e-186,cortical volume,cross-sectional,,,
PDM,27.0,CortexVol,296.8,3.0,15.588457268119896,27.0,Control,70.0,305.3,2.1,17.569860557215588,70.0,Control vs. PDM,0.018,Control,PDM,-2.3211571081372813,True,0.0274752674431256,2460.196809333233,89542.23337137268,198,hc & pd,0.026726801307281,0.0282450670420662,T,97,0.05,0.0274752674431256,0.0015480799398066385,0.0015059079968792724,0.0015914539058383798,1.0,cortical volume,cross-sectional,,,
PDM,27.0,CortexVol,296.8,3.0,15.588457268119896,27.0,PDE,22.0,292.6,3.6,16.88549673536435,22.0,PDE vs. PDM,0.349,PDE,PDM,0.8962581595302693,False,0.0274752674431256,2460.196809333233,89542.23337137268,198,hc & pd,0.026726801307281,0.0282450670420662,T,49,0.05,0.0274752674431256,0.0145189846597498,0.014123466458983791,0.014925776280294938,1.6939947307272875e-204,cortical volume,cross-sectional,,,
PD,76.0,Pallidum,0.908,0.02,0.17435595774162696,76.0,Control,70.0,0.89,0.019,0.15896540504147436,70.0,Control vs. PD,0.45,Control,PD,0.652499490234973,False,0.1598145928494424,75.83969666992868,474.5480078992254,198,hc & pd,0.1554610115418462,0.1642922638943204,T,146,0.05,0.1598145928494424,0.102765228506584,0.09996575462926041,0.10564449553658353,2.018123697373291e-08,subcortical volume,cross-sectional,,,
PDE,22.0,Pallidum,0.93,0.033,0.15478372007417318,22.0,Control,70.0,0.89,0.019,0.15896540504147436,70.0,Control vs. PDE,0.245,Control,PDE,1.0504514628777812,False,0.1598145928494424,75.83969666992868,474.5480078992254,198,hc & pd,0.1554610115418462,0.1642922638943204,T,92,0.05,0.1598145928494424,0.07303822750341993,0.07104856025007712,0.07508460606391454,0.00010120249361752843,subcortical volume,cross-sectional,,,
PDL,27.0,Pallidum,0.899,0.032,0.16627687752661222,27.0,Control,70.0,0.89,0.019,0.15896540504147436,70.0,Control vs. PDL,0.809,Control,PDL,0.2418341467052068,False,0.1598145928494424,75.83969666992868,474.5480078992254,198,hc & pd,0.1554610115418462,0.1642922638943204,T,97,0.05,0.1598145928494424,0.12347650203786185,0.1201128230294885,0.12693605568712474,1.2334026326701616e-09,subcortical volume,cross-sectional,,,
PDL,27.0,Pallidum,0.899,0.032,0.16627687752661222,27.0,PDE,22.0,0.93,0.033,0.15478372007417318,22.0,PDE vs. PDL,0.433,PDE,PDL,-0.674391278696446,False,0.1598145928494424,75.83969666992868,474.5480078992254,198,hc & pd,0.1554610115418462,0.1642922638943204,T,49,0.05,0.1598145928494424,0.10066322836676227,0.09792101602203174,0.10348360174384443,3.4842823101303436e-08,subcortical volume,cross-sectional,,,
PDL,27.0,Pallidum,0.899,0.032,0.16627687752661222,27.0,PDM,27.0,0.9,0.027,0.14029611541307907,27.0,PDM vs. PDL,0.986,PDM,PDL,-0.02388410885962161,False,0.1598145928494424,75.83969666992868,474.5480078992254,198,hc & pd,0.1554610115418462,0.1642922638943204,T,54,0.05,0.1598145928494424,0.1268651728001179,0.1234091814851828,0.1304196699253315,0.01399999999705558,subcortical volume,cross-sectional,,,
PDM,27.0,Pallidum,0.9,0.027,0.14029611541307907,27.0,Control,70.0,0.89,0.019,0.15896540504147436,70.0,Control vs. PDM,0.781,Control,PDM,0.30289126640769165,False,0.1598145928494424,75.83969666992868,474.5480078992254,198,hc & pd,0.1554610115418462,0.1642922638943204,T,97,0.05,0.1598145928494424,0.12142046212405044,0.11811279262505196,0.12482240982991953,2.614805460260991e-10,subcortical volume,cross-sectional,,,
PDM,27.0,Pallidum,0.9,0.027,0.14029611541307907,27.0,PDE,22.0,0.93,0.033,0.15478372007417318,22.0,PDE vs. PDM,0.443,PDE,PDM,-0.7035975447302925,False,0.1598145928494424,75.83969666992868,474.5480078992254,198,hc & pd,0.1554610115418462,0.1642922638943204,T,49,0.05,0.1598145928494424,0.09863587678351575,0.09594889243642535,0.10139944800429769,8.338540672717205e-09,subcortical volume,cross-sectional,,,
PD,76.0,Putamen,3.029,0.047,0.40973650069282336,76.0,Control,70.0,3.254,0.044,0.3681304116749932,70.0,Control vs. PD,0.001,Control,PD,-3.4947832913239787,True,0.1261276039195501,136.13779021331558,1079.3655471339202,198,hc & pd,0.1226917050507068,0.1296614359054843,T,146,0.05,0.1261276039195501,0.0002745864005515648,0.00026710626873476873,0.0002822797378942022,1.0,subcortical volume,cross-sectional,,,
PDE,22.0,Putamen,2.978,0.076,0.35647159774658066,22.0,Control,70.0,3.254,0.044,0.3681304116749932,70.0,Control vs. PDE,0.001,Control,PDE,-3.1428638788525083,True,0.1261276039195501,136.13779021331558,1079.3655471339202,198,hc & pd,0.1226917050507068,0.1296614359054843,T,92,0.05,0.1261276039195501,0.0008785791524154365,0.0008546453819943399,0.0009031951049468187,1.0,subcortical volume,cross-sectional,,,
PDL,27.0,Putamen,3.02,0.074,0.3845152792802908,27.0,Control,70.0,3.254,0.044,0.3681304116749932,70.0,Control vs. PDL,0.004,Control,PDL,-2.7179918621193884,True,0.1261276039195501,136.13779021331558,1079.3655471339202,198,hc & pd,0.1226917050507068,0.1296614359054843,T,97,0.05,0.1261276039195501,0.0027573471856511557,0.002682233049000863,0.0028346022937969888,0.999999999912541,subcortical volume,cross-sectional,,,
PDL,27.0,Putamen,3.02,0.074,0.3845152792802908,27.0,PDE,22.0,2.978,0.076,0.35647159774658066,22.0,PDE vs. PDL,0.656,PDE,PDL,0.3959446039526446,False,0.1261276039195501,136.13779021331558,1079.3655471339202,198,hc & pd,0.1226917050507068,0.1296614359054843,T,49,0.05,0.1261276039195501,0.09241260498894009,0.08989515159189553,0.09500181313422222,9.973755374862888e-17,subcortical volume,cross-sectional,,,
PDL,27.0,Putamen,3.02,0.074,0.3845152792802908,27.0,PDM,27.0,3.068,0.064,0.33255375505322443,27.0,PDM vs. PDL,0.596,PDM,PDL,-0.4906139496986886,False,0.1261276039195501,136.13779021331558,1079.3655471339202,198,hc & pd,0.1226917050507068,0.1296614359054843,T,54,0.05,0.1261276039195501,0.08861604515758569,0.0862020155569558,0.09109888162726608,1.718977596763144e-16,subcortical volume,cross-sectional,,,
PDM,27.0,Putamen,3.068,0.064,0.33255375505322443,27.0,Control,70.0,3.254,0.044,0.3681304116749932,70.0,Control vs. PDM,0.014,Control,PDM,-2.3948718422044113,True,0.1261276039195501,136.13779021331558,1079.3655471339202,198,hc & pd,0.1226917050507068,0.1296614359054843,T,97,0.05,0.1261276039195501,0.006020000997478801,0.005856007438774029,0.006188668849869112,0.9999530887793142,subcortical volume,cross-sectional,,,
PDM,27.0,Putamen,3.068,0.064,0.33255375505322443,27.0,PDE,22.0,2.978,0.076,0.35647159774658066,22.0,PDE vs. PDM,0.34,PDE,PDM,0.9058158925070325,False,0.1261276039195501,136.13779021331558,1079.3655471339202,198,hc & pd,0.1226917050507068,0.1296614359054843,T,49,0.05,0.1261276039195501,0.066076900048336,0.06427686945172241,0.0679282367554943,8.964408714690677e-11,subcortical volume,cross-sectional,,,
PD,76.0,TotalGrayVol,402.5,2.8,24.40983408382777,76.0,Control,70.0,414.8,2.6,21.753160689885966,70.0,Control vs. PD,0.001,Control,PD,-3.2190571239298174,True,0.023753862810053,1360.445466760949,57272.59930899257,198,hc & pd,0.0231067731340153,0.0244193964250514,T,146,0.05,0.023753862810053,0.0001227312532208264,0.00011938787587115361,0.00012616992655503339,1.0,volume,cross-sectional,,,
PDE,22.0,TotalGrayVol,400.6,4.5,21.106870919205434,22.0,Control,70.0,414.8,2.6,21.753160689885966,70.0,Control vs. PDE,0.004,Control,PDE,-2.7322853422383573,True,0.023753862810053,1360.445466760949,57272.59930899257,198,hc & pd,0.0231067731340153,0.0244193964250514,T,92,0.05,0.023753862810053,0.0005032794324642005,0.0004895693707570212,0.0005173802708297604,1.0,volume,cross-sectional,,,
PDL,27.0,TotalGrayVol,400.3,4.4,22.863070659909184,27.0,Control,70.0,414.8,2.6,21.753160689885966,70.0,Control vs. PDL,0.002,Control,PDL,-2.8371442407062673,True,0.023753862810053,1360.445466760949,57272.59930899257,198,hc & pd,0.0231067731340153,0.0244193964250514,T,97,0.05,0.023753862810053,0.00038114006359022957,0.0003707572554446335,0.0003918188119845569,1.0,volume,cross-sectional,,,
PDL,27.0,TotalGrayVol,400.3,4.4,22.863070659909184,27.0,PDE,22.0,400.6,4.5,21.106870919205434,22.0,PDE vs. PDL,0.959,PDE,PDL,-0.04766711126753898,False,0.023753862810053,1360.445466760949,57272.59930899257,198,hc & pd,0.0231067731340153,0.0244193964250514,T,49,0.05,0.023753862810053,0.018830442476230832,0.018317473911116704,0.01935803213831819,7.439694730063267e-132,volume,cross-sectional,,,
PDL,27.0,TotalGrayVol,400.3,4.4,22.863070659909184,27.0,PDM,27.0,405.1,3.8,19.7453792062852,27.0,PDM vs. PDL,0.364,PDM,PDL,-0.8256250993845397,False,0.023753862810053,1360.445466760949,57272.59930899257,198,hc & pd,0.0231067731340153,0.0244193964250514,T,54,0.05,0.023753862810053,0.013356735601372157,0.012992878750706366,0.013730963431196825,1.0774240720076089e-265,volume,cross-sectional,,,
PDM,27.0,TotalGrayVol,405.1,3.8,19.7453792062852,27.0,Control,70.0,414.8,2.6,21.753160689885966,70.0,Control vs. PDM,0.032,Control,PDM,-2.106705377400884,True,0.023753862810053,1360.445466760949,57272.59930899257,198,hc & pd,0.0231067731340153,0.0244193964250514,T,97,0.05,0.023753862810053,0.00211206225117956,0.002054526612078839,0.0021712378234378243,0.9999999999999135,volume,cross-sectional,,,
PDM,27.0,TotalGrayVol,405.1,3.8,19.7453792062852,27.0,PDE,22.0,400.6,4.5,21.106870919205434,22.0,PDE vs. PDM,0.409,PDE,PDM,0.7640299158469012,False,0.023753862810053,1360.445466760949,57272.59930899257,198,hc & pd,0.0231067731340153,0.0244193964250514,T,49,0.05,0.023753862810053,0.014018671070937815,0.013636782137996217,0.014411444949861043,1.3103971946543e-311,volume,cross-sectional,,,
,,TotalGrayVol,,,,,,,,,,,,0.008,,,,True,0.023753862810053,1360.445466760949,57272.59930899257,198,hc & pd,0.0231067731340153,0.0244193964250514,R,76,0.05,,1.4790447235748998e-06,1.4387534000677898e-06,1.5204844670598424e-06,1.0,volume,cross-sectional,Disease duration,-0.304,0.001612295145309253
,,CortexVol,,,,,,,,,,,,0.005,,,,True,0.0274752674431256,2460.196809333233,89542.23337137268,198,hc & pd,0.026726801307281,0.0282450670420662,R,76,0.05,,7.667293537645773e-07,7.458425340879818e-07,7.882115085878467e-07,1.0,cortical volume,cross-sectional,Disease duration,-0.316,0.001857226239700867
,,Putamen,,,,,,,,,,,,0.177,,,,False,0.1261276039195501,136.13779021331558,1079.3655471339202,198,hc & pd,0.1226917050507068,0.1296614359054843,R,76,0.05,,0.00879593899373558,0.008556324857735123,0.009042382829949378,1.2610754884702347e-88,subcortical volume,cross-sectional,Disease duration,-0.157,0.008874778020320214
,,Caudate,,,,,,,,,,,,0.177,,,,False,0.094429123790175,80.2582783197474,849.931409912097,198,hc & pd,0.0918567374961844,0.0970748305798347,R,76,0.05,,0.006794607412315109,0.006609512451365097,0.006984978118325033,4.025623141283745e-147,subcortical volume,cross-sectional,Disease duration,-0.156,0.006645428461449706
,,Pallidum,,,,,,,,,,,,0.993,,,,False,0.1598145928494424,75.83969666992868,474.5480078992254,198,hc & pd,0.1554610115418462,0.1642922638943204,R,76,0.05,,0.12701503388545896,0.12355496013719759,0.13057372980522958,0.006999999997055568,subcortical volume,cross-sectional,Disease duration,-0.001,0.011386312592381084
,,TotalGrayVol,,,,,,,,,,,,0.057,,,,False,0.023753862810053,1360.445466760949,57272.59930899257,198,hc & pd,0.0231067731340153,0.0244193964250514,R,76,0.05,,0.00015662186249794236,0.00015235525579592322,0.00016101007990786709,0.0,volume,cross-sectional,UPDRS-III,-0.219,0.0016513095803944835
,,CortexVol,,,,,,,,,,,,0.045,,,,True,0.0274752674431256,2460.196809333233,89542.23337137268,198,hc & pd,0.026726801307281,0.0282450670420662,R,76,0.05,,0.00010404021940982597,0.00010120601293102499,0.00010695520902152545,1.0,cortical volume,cross-sectional,UPDRS-III,-0.231,0.0019045878601413836
,,Putamen,,,,,,,,,,,,0.55,,,,False,0.1261276039195501,136.13779021331558,1079.3655471339202,198,hc & pd,0.1226917050507068,0.1296614359054843,R,76,0.05,,0.058692123035446825,0.057093264475697035,0.06033655371722954,2.737967695312115e-32,subcortical volume,cross-sectional,UPDRS-III,-0.074,0.008961581655982683
,,Caudate,,,,,,,,,,,,0.374,,,,False,0.094429123790175,80.2582783197474,849.931409912097,198,hc & pd,0.0918567374961844,0.0970748305798347,R,76,0.05,,0.02653155222313831,0.025808794258670175,0.027274910893001044,5.463647366617795e-73,subcortical volume,cross-sectional,UPDRS-III,-0.103,0.0066920137485771735
,,Pallidum,,,,,,,,,,,,0.861,,,,False,0.1598145928494424,75.83969666992868,474.5480078992254,198,hc & pd,0.1554610115418462,0.1642922638943204,R,76,0.05,,0.12216775661967981,0.11883972973472905,0.12559064195624592,1.2940980345113488e-08,subcortical volume,cross-sectional,UPDRS-III,-0.02,0.011384040794112621
,,TotalGrayVol,,,,,,,,,,,,0.095,,,,False,0.023753862810053,1360.445466760949,57272.59930899257,198,hc & pd,0.0231067731340153,0.0244193964250514,R,76,0.05,,0.00046626001851207753,0.0004535584193346745,0.00047932365023088306,0.0,volume,cross-sectional,LEDD,-0.193,0.0016605735649135368
,,CortexVol,,,,,,,,,,,,0.072,,,,False,0.0274752674431256,2460.196809333233,89542.23337137268,198,hc & pd,0.026726801307281,0.0282450670420662,R,76,0.05,,0.00030536381020279213,0.00029704525710690755,0.000313919466270988,0.0,cortical volume,cross-sectional,LEDD,-0.207,0.001915133460384613
,,Putamen,,,,,,,,,,,,0.55,,,,False,0.1261276039195501,136.13779021331558,1079.3655471339202,198,hc & pd,0.1226917050507068,0.1296614359054843,R,76,0.05,,0.062100771150120776,0.06040905607175383,0.06384070503153703,5.437902025485773e-29,subcortical volume,cross-sectional,LEDD,-0.07,0.008964176426872073
,,Caudate,,,,,,,,,,,,0.008,,,,True,0.094429123790175,80.2582783197474,849.931409912097,198,hc & pd,0.0918567374961844,0.0970748305798347,R,76,0.05,,5.879670957540053e-06,5.719500192660794e-06,6.044407055355536e-06,1.0,subcortical volume,cross-sectional,LEDD,-0.304,0.006409383563429192
,,Pallidum,,,,,,,,,,,,0.648,,,,False,0.1598145928494424,75.83969666992868,474.5480078992254,198,hc & pd,0.1554610115418462,0.1642922638943204,R,76,0.05,,0.09655763401461695,0.09392726401487746,0.09926297721438648,2.8476412416491268e-15,subcortical volume,cross-sectional,LEDD,-0.053,0.011370314955267696
,,TotalGrayVol,,,,,,,,,,,,0.001,,,,True,0.023753862810053,1360.445466760949,57272.59930899257,198,hc & pd,0.0231067731340153,0.0244193964250514,R,76,0.05,,1.1014737529655982e-08,1.0714680103345981e-08,1.1323347465858362e-08,1.0,volume,cross-sectional,MoCA,0.37,0.0015722865131009975
,,CortexVol,,,,,,,,,,,,0.001,,,,True,0.0274752674431256,2460.196809333233,89542.23337137268,198,hc & pd,0.026726801307281,0.0282450670420662,R,76,0.05,,3.838054971778771e-09,3.733500787553527e-09,3.945589254533369e-09,1.0,cortical volume,cross-sectional,MoCA,0.384,0.0018074538474317664
,,Putamen,,,,,,,,,,,,0.016,,,,True,0.1261276039195501,136.13779021331558,1079.3655471339202,198,hc & pd,0.1226917050507068,0.1296614359054843,R,76,0.05,,3.499303632218677e-05,3.4039775258149714e-05,3.597346810077804e-05,1.0,subcortical volume,cross-sectional,MoCA,0.28,0.008626770913258997
,,Caudate,,,,,,,,,,,,0.069,,,,False,0.094429123790175,80.2582783197474,849.931409912097,198,hc & pd,0.0918567374961844,0.0970748305798347,R,76,0.05,,0.0008116176610005655,0.0007895080187279367,0.0008343574924225781,3.9494087393238237e-147,subcortical volume,cross-sectional,MoCA,0.213,0.00657340836915184
,,Pallidum,,,,,,,,,,,,0.976,,,,False,0.1598145928494424,75.83969666992868,474.5480078992254,198,hc & pd,0.1554610115418462,0.1642922638943204,R,76,0.05,,0.12682940859216527,0.12337439154612796,0.13038290367898214,0.006461636548418569,subcortical volume,cross-sectional,MoCA,0.004,0.011386227194631001
,,TotalGrayVol,,,,,,,,,,,,0.751,,,,False,0.023753862810053,1360.445466760949,57272.59930899257,198,hc & pd,0.0231067731340153,0.0244193964250514,R,76,0.05,,0.01639935527371056,0.01595261305009203,0.01685883095083439,0.0,volume,cross-sectional,HamD,-0.038,0.001691170302112374
,,CortexVol,,,,,,,,,,,,0.853,,,,False,0.0274752674431256,2460.196809333233,89542.23337137268,198,hc & pd,0.026726801307281,0.0282450670420662,R,76,0.05,,0.020831649036559666,0.02026416470215091,0.021415308326021006,5.24792500879328e-271,cortical volume,cross-sectional,HamD,-0.022,0.001957057972933021
,,Putamen,,,,,,,,,,,,0.973,,,,False,0.1261276039195501,136.13779021331558,1079.3655471339202,198,hc & pd,0.1226917050507068,0.1296614359054843,R,76,0.05,,0.10009529872740415,0.09736855760978658,0.10289975990237546,0.00026032701131787787,subcortical volume,cross-sectional,HamD,0.004,0.008986147811266283
,,Caudate,,,,,,,,,,,,0.807,,,,False,0.094429123790175,80.2582783197474,849.931409912097,198,hc & pd,0.0918567374961844,0.0970748305798347,R,76,0.05,,0.06914502765929965,0.06726141681648795,0.07108232689291227,9.975244037857876e-29,subcortical volume,cross-sectional,HamD,-0.029,0.00672496686950802
,,Pallidum,,,,,,,,,,,,0.296,,,,False,0.1598145928494424,75.83969666992868,474.5480078992254,198,hc & pd,0.1554610115418462,0.1642922638943204,R,76,0.05,,0.027356062068721737,0.02661084326017384,0.02812252178208719,4.363807674572919e-40,subcortical volume,cross-sectional,HamD,-0.125,0.011297012449563954
,,TotalGrayVol,,,,,,,,,,,,0.066,,,,False,0.023753862810053,1360.445466760949,57272.59930899257,198,hc & pd,0.0231067731340153,0.0244193964250514,R,76,0.05,,0.0001431181260386202,0.0001392193807038505,0.00014712799696175983,0.0,volume,cross-sectional,UPSIT,0.221,0.0016505462249096707
,,CortexVol,,,,,,,,,,,,0.044,,,,True,0.0274752674431256,2460.196809333233,89542.23337137268,198,hc & pd,0.026726801307281,0.0282450670420662,R,76,0.05,,6.0789155704004516e-05,5.913317093278382e-05,6.249234086053658e-05,1.0,cortical volume,cross-sectional,UPSIT,0.242,0.001899346567184202
,,Putamen,,,,,,,,,,,,0.267,,,,False,0.1261276039195501,136.13779021331558,1079.3655471339202,198,hc & pd,0.1226917050507068,0.1296614359054843,R,76,0.05,,0.01713398868758057,0.016667233984240748,0.017614047258339018,1.3879434744868147e-76,subcortical volume,cross-sectional,UPSIT,-0.134,0.00890517596756138
,,Caudate,,,,,,,,,,,,0.895,,,,False,0.094429123790175,80.2582783197474,849.931409912097,198,hc & pd,0.0918567374961844,0.0970748305798347,R,76,0.05,,0.07320582196186515,0.07121158919239186,0.0752568961689868,4.44795370957127e-19,subcortical volume,cross-sectional,UPSIT,0.016,0.006726935289919558
,,Pallidum,,,,,,,,,,,,0.503,,,,False,0.1598145928494424,75.83969666992868,474.5480078992254,198,hc & pd,0.1554610115418462,0.1642922638943204,R,76,0.05,,0.06685978762260987,0.06503843003295678,0.06873305920417619,5.653898936062596e-22,subcortical volume,cross-sectional,UPSIT,-0.081,0.0113489039986301
PD,76.0,Caudate,-0.037,0.005,0.04358898943540674,76.0,Control,70.0,-0.021,0.005,0.04183300132670378,70.0,Control vs. PD,0.008,Control,PD,-2.2627416997969516,True,0.455654565616698,0.0156990279457985,0.034453792698315,390,hc & pd,0.4467805488914238,0.4647081796605899,T,146,0.05,0.455654565616698,0.028823724557986985,0.02826237340930248,0.029396436645491852,0.9521340107425045,subcortical volume,longitudinal,,,
PDE,22.0,Caudate,-0.044,0.008,0.03752332607858744,22.0,Control,70.0,-0.021,0.005,0.04183300132670378,70.0,Control vs. PDE,0.005,Control,PDE,-2.437995124014628,True,0.455654565616698,0.0156990279457985,0.034453792698315,390,hc & pd,0.4467805488914238,0.4647081796605899,T,92,0.05,0.455654565616698,0.019752851736958264,0.01936815870431326,0.020145330402568908,0.9709886960475644,subcortical volume,longitudinal,,,
PDL,27.0,Caudate,-0.019,0.007,0.036373066958946425,27.0,Control,70.0,-0.021,0.005,0.04183300132670378,70.0,Control vs. PDL,0.852,Control,PDL,0.23249527748763876,False,0.455654565616698,0.0156990279457985,0.034453792698315,390,hc & pd,0.4467805488914238,0.4647081796605899,T,97,0.05,0.455654565616698,0.3528377617688438,0.34596613480509925,0.35984846056617137,0.14330385967982961,subcortical volume,longitudinal,,,
PDL,27.0,Caudate,-0.019,0.007,0.036373066958946425,27.0,PDE,22.0,-0.044,0.008,0.03752332607858744,22.0,PDE vs. PDL,0.011,PDE,PDL,2.351802170958993,True,0.455654565616698,0.0156990279457985,0.034453792698315,390,hc & pd,0.4467805488914238,0.4647081796605899,T,49,0.05,0.455654565616698,0.02504054081970978,0.02455286837042077,0.025538083057051658,0.9371259061656837,subcortical volume,longitudinal,,,
PDL,27.0,Caudate,-0.019,0.007,0.036373066958946425,27.0,PDM,27.0,-0.045,0.007,0.036373066958946425,27.0,PDM vs. PDL,0.006,PDM,PDL,2.6263966158357475,True,0.455654565616698,0.0156990279457985,0.034453792698315,390,hc & pd,0.4467805488914238,0.4647081796605899,T,54,0.05,0.455654565616698,0.013332759034980168,0.01307309933748469,0.01359767387080443,0.9796214606086711,subcortical volume,longitudinal,,,
PDM,27.0,Caudate,-0.045,0.007,0.036373066958946425,27.0,Control,70.0,-0.021,0.005,0.04183300132670378,70.0,Control vs. PDM,0.001,Control,PDM,-2.7899433298516625,True,0.455654565616698,0.0156990279457985,0.034453792698315,390,hc & pd,0.4467805488914238,0.4647081796605899,T,97,0.05,0.455654565616698,0.008275326122757925,0.008114161530187538,0.008439752454580993,0.9945812179701841,subcortical volume,longitudinal,,,
PDM,27.0,Caudate,-0.045,0.007,0.036373066958946425,27.0,PDE,22.0,-0.044,0.008,0.03752332607858744,22.0,PDE vs. PDM,0.864,PDE,PDM,-0.09407208683835981,False,0.455654565616698,0.0156990279457985,0.034453792698315,390,hc & pd,0.4467805488914238,0.4647081796605899,T,49,0.05,0.455654565616698,0.3600008500914829,0.3529897197179707,0.3671538756466862,0.13599999999705564,subcortical volume,longitudinal,,,
PD,76.0,CortexVol,-2.86,0.32,2.7896953238660314,76.0,Control,70.0,-1.81,0.3,2.5099800796022267,70.0,Control vs. PD,0.006,Control,PD,-2.3937939510846538,True,0.1419785270208647,0.0038332543592976,0.0269988317228728,390,hc & pd,0.1392134503191582,0.1447995648928928,T,146,0.05,0.1419785270208647,0.006679549646946494,0.006549463305763722,0.0068122687483311625,0.9993452248980863,cortical volume,longitudinal,,,
PDE,22.0,CortexVol,-2.33,0.52,2.4390161951081835,22.0,Control,70.0,-1.81,0.3,2.5099800796022267,70.0,Control vs. PDE,0.278,Control,PDE,-0.8661855860486003,False,0.1419785270208647,0.0038332543592976,0.0269988317228728,390,hc & pd,0.1392134503191582,0.1447995648928928,T,92,0.05,0.1419785270208647,0.07742983023843912,0.07592185981430637,0.07896831981225506,1.553264483083615e-05,cortical volume,longitudinal,,,
PDL,27.0,CortexVol,-2.44,0.5,2.598076211353316,27.0,Control,70.0,-1.81,0.3,2.5099800796022267,70.0,Control vs. PDL,0.186,Control,PDL,-1.0804410863978056,False,0.1419785270208647,0.0038332543592976,0.0269988317228728,390,hc & pd,0.1392134503191582,0.1447995648928928,T,97,0.05,0.1419785270208647,0.06286734874320916,0.06164298725027468,0.06411648954949833,0.0020979503327365192,cortical volume,longitudinal,,,
PDL,27.0,CortexVol,-2.44,0.5,2.598076211353316,27.0,PDE,22.0,-2.33,0.52,2.4390161951081835,22.0,PDE vs. PDL,0.87,PDE,PDL,-0.15248391757539242,False,0.1419785270208647,0.0038332543592976,0.0269988317228728,390,hc & pd,0.1392134503191582,0.1447995648928928,T,49,0.05,0.1419785270208647,0.11135191995915006,0.10918330611288804,0.11356442342653456,7.383238961996626e-10,cortical volume,longitudinal,,,
PDL,27.0,CortexVol,-2.44,0.5,2.598076211353316,27.0,PDM,27.0,-3.48,0.45,2.3382685902179845,27.0,PDM vs. PDL,0.101,PDM,PDL,1.546051824194106,False,0.1419785270208647,0.0038332543592976,0.0269988317228728,390,hc & pd,0.1392134503191582,0.1447995648928928,T,54,0.05,0.1419785270208647,0.034264941723864635,0.03359762115057776,0.03494576790451415,0.0449019302317044,cortical volume,longitudinal,,,
PDM,27.0,CortexVol,-3.48,0.45,2.3382685902179845,27.0,Control,70.0,-1.81,0.3,2.5099800796022267,70.0,Control vs. PDM,0.001,Control,PDM,-3.0878310923204424,True,0.1419785270208647,0.0038332543592976,0.0269988317228728,390,hc & pd,0.1392134503191582,0.1447995648928928,T,97,0.05,0.1419785270208647,0.0011461721345261135,0.0011238500698320796,0.0011689459656624678,1.0,cortical volume,longitudinal,,,
PDM,27.0,CortexVol,-3.48,0.45,2.3382685902179845,27.0,PDE,22.0,-2.33,0.52,2.4390161951081835,22.0,PDE vs. PDM,0.081,PDE,PDM,-1.6722961246772952,False,0.1419785270208647,0.0038332543592976,0.0269988317228728,390,hc & pd,0.1392134503191582,0.1447995648928928,T,49,0.05,0.1419785270208647,0.02814583917470506,0.027597690058180427,0.028705082039932044,0.12499845117244748,cortical volume,longitudinal,,,
PD,76.0,Pallidum,0.002,0.002,0.017435595774162697,76.0,Control,70.0,0.001,0.002,0.016733200530681513,70.0,Control vs. PD,0.802,Control,PD,0.3535533905932738,False,0.5225383839535602,0.0276792545717003,0.0529707585541894,390,hc & pd,0.5123617837201668,0.5329209439198621,T,146,0.05,0.5225383839535602,0.39082671006957836,0.38321523632707927,0.3985922290789733,0.18037929653594725,subcortical volume,longitudinal,,,
PDE,22.0,Pallidum,-0.003,0.003,0.01407124727947029,22.0,Control,70.0,0.001,0.002,0.016733200530681513,70.0,Control vs. PDE,0.205,Control,PDE,-1.1094003924504583,False,0.5225383839535602,0.0276792545717003,0.0529707585541894,390,hc & pd,0.5123617837201668,0.5329209439198621,T,92,0.05,0.5225383839535602,0.224106921171809,0.21974236802827418,0.22855980658536434,0.34220395939520504,subcortical volume,longitudinal,,,
PDL,27.0,Pallidum,0.004,0.003,0.015588457268119896,27.0,Control,70.0,0.001,0.002,0.016733200530681513,70.0,Control vs. PDL,0.374,Control,PDL,0.8320502943378436,False,0.5225383839535602,0.0276792545717003,0.0529707585541894,390,hc & pd,0.5123617837201668,0.5329209439198621,T,97,0.05,0.5225383839535602,0.2934614828849063,0.2877462277248492,0.29929240657858697,0.1536346479135109,subcortical volume,longitudinal,,,
PDL,27.0,Pallidum,0.004,0.003,0.015588457268119896,27.0,PDE,22.0,-0.003,0.003,0.01407124727947029,22.0,PDE vs. PDL,0.074,PDE,PDL,1.649915822768611,False,0.5225383839535602,0.0276792545717003,0.0529707585541894,390,hc & pd,0.5123617837201668,0.5329209439198621,T,49,0.05,0.5225383839535602,0.10737031365883512,0.10527924285409758,0.1095037047252081,0.6093722820185261,subcortical volume,longitudinal,,,
PDL,27.0,Pallidum,0.004,0.003,0.015588457268119896,27.0,PDM,27.0,0.003,0.003,0.015588457268119896,27.0,PDM vs. PDL,0.918,PDM,PDL,0.23570226039551587,False,0.5225383839535602,0.0276792545717003,0.0529707585541894,390,hc & pd,0.5123617837201668,0.5329209439198621,T,54,0.05,0.5225383839535602,0.4033492620541814,0.3954939076526482,0.4113635975159249,0.08199999999705554,subcortical volume,longitudinal,,,
PDM,27.0,Pallidum,0.003,0.003,0.015588457268119896,27.0,Control,70.0,0.001,0.002,0.016733200530681513,70.0,Control vs. PDM,0.434,Control,PDM,0.5547001962252291,False,0.5225383839535602,0.0276792545717003,0.0529707585541894,390,hc & pd,0.5123617837201668,0.5329209439198621,T,97,0.05,0.5225383839535602,0.3560464489904183,0.349112331828574,0.36312090269746006,0.20861681554070868,subcortical volume,longitudinal,,,
PDM,27.0,Pallidum,0.003,0.003,0.015588457268119896,27.0,PDE,22.0,-0.003,0.003,0.01407124727947029,22.0,PDE vs. PDM,0.097,PDE,PDM,1.4142135623730951,False,0.5225383839535602,0.0276792545717003,0.0529707585541894,390,hc & pd,0.5123617837201668,0.5329209439198621,T,49,0.05,0.5225383839535602,0.152542558487707,0.14957174393325623,0.1555734980503258,0.5993493502553866,subcortical volume,longitudinal,,,
PD,76.0,Putamen,-0.027,0.005,0.04358898943540674,76.0,Control,70.0,-0.015,0.004,0.033466401061363026,70.0,Control vs. PD,0.034,Control,PD,-1.8740851426632728,True,0.5960269696557461,0.0220550444516971,0.037003433694344,390,hc & pd,0.5844191559816286,0.6078697087616525,T,146,0.05,0.5960269696557461,0.08273857827624084,0.08112721830565645,0.08438254985203225,0.8284304173311245,subcortical volume,longitudinal,,,
PDE,22.0,Putamen,-0.032,0.007,0.03283291031876401,22.0,Control,70.0,-0.015,0.004,0.033466401061363026,70.0,Control vs. PDE,0.021,Control,PDE,-2.108590488016544,True,0.5960269696557461,0.0220550444516971,0.037003433694344,390,hc & pd,0.5844191559816286,0.6078697087616525,T,92,0.05,0.5960269696557461,0.05286268429991004,0.05183316681008661,0.053913037741069446,0.8767191089375476,subcortical volume,longitudinal,,,
PDL,27.0,Putamen,-0.008,0.007,0.036373066958946425,27.0,Control,70.0,-0.015,0.004,0.033466401061363026,70.0,Control vs. PDL,0.443,Control,PDL,0.8682431421244591,False,0.5960269696557461,0.0220550444516971,0.037003433694344,390,hc & pd,0.5844191559816286,0.6078697087616525,T,97,0.05,0.5960269696557461,0.3245616896198246,0.31824074810095393,0.3310105578919429,0.13757263074934384,subcortical volume,longitudinal,,,
PDL,27.0,Putamen,-0.008,0.007,0.036373066958946425,27.0,PDE,22.0,-0.032,0.007,0.03283291031876401,22.0,PDE vs. PDL,0.01,PDE,PDL,2.4243661069253055,True,0.5960269696557461,0.0220550444516971,0.037003433694344,390,hc & pd,0.5844191559816286,0.6078697087616525,T,49,0.05,0.5960269696557461,0.02797258934915542,0.027427814327758083,0.02852838983242892,0.9400125872250509,subcortical volume,longitudinal,,,
PDL,27.0,Putamen,-0.008,0.007,0.036373066958946425,27.0,PDM,27.0,-0.037,0.006,0.031176914536239792,27.0,PDM vs. PDL,0.002,PDM,PDL,3.1454916383705145,True,0.5960269696557461,0.0220550444516971,0.037003433694344,390,hc & pd,0.5844191559816286,0.6078697087616525,T,54,0.05,0.5960269696557461,0.00468272105006976,0.00459152357712911,0.004775764228524827,0.9995066418462513,subcortical volume,longitudinal,,,
PDM,27.0,Putamen,-0.037,0.006,0.031176914536239792,27.0,Control,70.0,-0.015,0.004,0.033466401061363026,70.0,Control vs. PDM,0.002,Control,PDM,-3.0508510792387598,True,0.5960269696557461,0.0220550444516971,0.037003433694344,390,hc & pd,0.5844191559816286,0.6078697087616525,T,97,0.05,0.5960269696557461,0.005340869679838327,0.005236854554252459,0.005446989921768827,0.9987596961161969,subcortical volume,longitudinal,,,
PDM,27.0,Putamen,-0.037,0.006,0.031176914536239792,27.0,PDE,22.0,-0.032,0.007,0.03283291031876401,22.0,PDE vs. PDM,0.618,PDE,PDM,-0.5423261445466402,False,0.5960269696557461,0.0220550444516971,0.037003433694344,390,hc & pd,0.5844191559816286,0.6078697087616525,T,49,0.05,0.5960269696557461,0.40726173193395754,0.39933018094454814,0.41535380609278155,0.18567560563846972,subcortical volume,longitudinal,,,
PD,76.0,TotalGrayVol,-3.71,0.38,3.3127631970909124,76.0,Control,70.0,-2.26,0.35,2.9283100928692645,70.0,Control vs. PD,0.002,Control,PD,-2.8066852696859894,True,0.1365551964669927,0.0031609476369908,0.0231477652903157,390,hc & pd,0.1338957408424647,0.1392684756433502,T,146,0.05,0.1365551964669927,0.002288254362803904,0.002243689885633088,0.0023337207608131938,0.9999999985784697,volume,longitudinal,,,
PDE,22.0,TotalGrayVol,-3.12,0.61,2.861153613492292,22.0,Control,70.0,-2.26,0.35,2.9283100928692645,70.0,Control vs. PDE,0.136,Control,PDE,-1.2228449523950533,False,0.1365551964669927,0.0031609476369908,0.0231477652903157,390,hc & pd,0.1338957408424647,0.1392684756433502,T,92,0.05,0.1365551964669927,0.05133583544506593,0.050336053819419586,0.052355851210981366,0.020342866624348217,volume,longitudinal,,,
PDL,27.0,TotalGrayVol,-3.02,0.58,3.0137684051698463,27.0,Control,70.0,-2.26,0.35,2.9283100928692645,70.0,Control vs. PDL,0.166,Control,PDL,-1.1219010731204502,False,0.1365551964669927,0.0031609476369908,0.0231477652903157,390,hc & pd,0.1338957408424647,0.1392684756433502,T,97,0.05,0.1365551964669927,0.05777328890451312,0.056648135837476764,0.05892121344923883,0.004758540293976274,volume,longitudinal,,,
PDL,27.0,TotalGrayVol,-3.02,0.58,3.0137684051698463,27.0,PDE,22.0,-3.12,0.61,2.861153613492292,22.0,PDE vs. PDL,0.896,PDE,PDL,0.11880372906997311,False,0.1365551964669927,0.0031609476369908,0.0231477652903157,390,hc & pd,0.1338957408424647,0.1392684756433502,T,49,0.05,0.1365551964669927,0.10759913069911996,0.10550360361018,0.1097370682384699,2.9620648556332785e-09,volume,longitudinal,,,
PDL,27.0,TotalGrayVol,-3.02,0.58,3.0137684051698463,27.0,PDM,27.0,-4.55,0.53,2.7539607840345153,27.0,PDM vs. PDL,0.042,PDM,PDL,1.9473467600444196,True,0.1365551964669927,0.0031609476369908,0.0231477652903157,390,hc & pd,0.1338957408424647,0.1392684756433502,T,54,0.05,0.1365551964669927,0.016790361469939452,0.016463363871866483,0.017123977028472324,0.7172356318709021,volume,longitudinal,,,
PDM,27.0,TotalGrayVol,-4.55,0.53,2.7539607840345153,27.0,Control,70.0,-2.26,0.35,2.9283100928692645,70.0,Control vs. PDM,0.001,Control,PDM,-3.6055168987386175,True,0.1365551964669927,0.0031609476369908,0.0231477652903157,390,hc & pd,0.1338957408424647,0.1392684756433502,T,97,0.05,0.1365551964669927,0.00023043374210543512,0.0002259459721239283,0.00023501233808831255,1.0,volume,longitudinal,,,
PDM,27.0,TotalGrayVol,-4.55,0.53,2.7539607840345153,27.0,PDE,22.0,-3.12,0.61,2.861153613492292,22.0,PDE vs. PDM,0.064,PDE,PDM,-1.7696176726919934,False,0.1365551964669927,0.0031609476369908,0.0231477652903157,390,hc & pd,0.1338957408424647,0.1392684756433502,T,49,0.05,0.1365551964669927,0.023047322672854125,0.022598468777151593,0.02350526072498942,0.29597710885786743,volume,longitudinal,,,
