region,version,F,p_value,NPVR,num,anat,n,timepoint,NPVR_CI_low,NPVR_CI_high,alpha,test,sample_size,std_F,std_p,std_p_low,std_p_high,proba_significant,significant,study,analysis,r,std_r,metric
Left-Accumbens-area,FreeSurfer5,9.325,0.0025,0.2830703851954289,25.323827070222176,89.46123789226084,198,hc & pd,0.275359137331588,0.2910014260650579,0.0035714285714285718,F,315,1.728816312670574,0.002247977563916779,0.0021867393945627232,0.002310961199315884,0.762855235431474,True,cross-sectional,ANCOVA,,,subcortical volume
Left-Accumbens-area,FreeSurfer6,4.565,0.03371428571428571,0.2830703851954289,25.323827070222176,89.46123789226084,198,hc & pd,0.275359137331588,0.2910014260650579,0.0035714285714285718,F,315,1.2096084791029749,0.023239432167104394,0.022606356327921368,0.023890552510113884,0.01866421450503663,False,cross-sectional,ANCOVA,,,subcortical volume
Left-Accumbens-area,FreeSurfer7,5.951,0.0155,0.2830703851954289,25.323827070222176,89.46123789226084,198,hc & pd,0.275359137331588,0.2910014260650579,0.0035714285714285718,F,315,1.3810818144373216,0.011729665219597826,0.011410132126067939,0.012058305936214899,0.10138992909928518,False,cross-sectional,ANCOVA,,,subcortical volume
Left-Amygdala,FreeSurfer5,2.215,0.13807142857142857,0.2324591275684218,52.01604232997413,223.7642499740681,198,hc & pd,0.2261266037699512,0.2389721467243841,0.0035714285714285718,F,315,0.6919320772086406,0.061252139735411305,0.05958354260765356,0.06296829673734701,1.5501228778811776e-06,False,cross-sectional,ANCOVA,,,subcortical volume
Left-Amygdala,FreeSurfer6,3.076,0.08078571428571428,0.2324591275684218,52.01604232997413,223.7642499740681,198,hc & pd,0.2261266037699512,0.2389721467243841,0.0035714285714285718,F,315,0.8153982307188203,0.0399146238307981,0.0388272915846546,0.04103294821036672,6.061386970295168e-05,False,cross-sectional,ANCOVA,,,subcortical volume
Left-Amygdala,FreeSurfer7,3.863,0.050571428571428566,0.2324591275684218,52.01604232997413,223.7642499740681,198,hc & pd,0.2261266037699512,0.2389721467243841,0.0035714285714285718,F,315,0.9137743293808921,0.027012862950108824,0.02627699338333503,0.027769706941100997,0.0007306307373370074,False,cross-sectional,ANCOVA,,,subcortical volume
Left-Caudate,FreeSurfer5,0.026,0.8709285714285714,0.0920334246195093,40.08039109817606,435.4982036567588,198,hc & pd,0.0895263006456991,0.0946120089229338,0.0035714285714285718,F,315,0.029679887629643572,0.07242277030379882,0.07044986899724552,0.07445190503922738,2.4047316647935225e-42,False,cross-sectional,ANCOVA,,,subcortical volume
Left-Caudate,FreeSurfer6,0.0,0.9915,0.0920334246195093,40.08039109817606,435.4982036567588,198,hc & pd,0.0895263006456991,0.0946120089229338,0.0035714285714285718,F,315,0.0,0.0,0.0,0.0,0.0,False,cross-sectional,ANCOVA,,,subcortical volume
Left-Caudate,FreeSurfer7,0.001,0.9800000000000001,0.0920334246195093,40.08039109817606,435.4982036567588,198,hc & pd,0.0895263006456991,0.0946120089229338,0.0035714285714285718,F,315,0.005820704853261295,0.07333662566994356,0.07133882961774184,0.0753913647237215,9.976721813016704e-09,False,cross-sectional,ANCOVA,,,subcortical volume
Left-Hippocampus,FreeSurfer5,12.511,0.0005,0.160584483739935,70.34512782932454,438.0568171408625,198,hc & pd,0.1562099294878162,0.1650837255192911,0.0035714285714285718,F,315,1.1360032858506464,0.0002722373320711861,0.0002648211922869329,0.0002798648534221204,0.9999999756351134,True,cross-sectional,ANCOVA,,,subcortical volume
Left-Hippocampus,FreeSurfer6,10.627,0.0012857142857142856,0.160584483739935,70.34512782932454,438.0568171408625,198,hc & pd,0.1562099294878162,0.1650837255192911,0.0035714285714285718,F,315,1.0469812781407584,0.0006772241220726202,0.0006587755547275457,0.000696198527276995,0.9936975612035197,True,cross-sectional,ANCOVA,,,subcortical volume
Left-Hippocampus,FreeSurfer7,8.892,0.0031428571428571426,0.160584483739935,70.34512782932454,438.0568171408625,198,hc & pd,0.1562099294878162,0.1650837255192911,0.0035714285714285718,F,315,0.9577084130549272,0.0015749217547226502,0.0015320186018250516,0.0016190477723367841,0.6650362069150404,True,cross-sectional,ANCOVA,,,subcortical volume
Left-Pallidum,FreeSurfer5,3.095,0.07985714285714286,0.2206523984858535,55.911586860856886,253.3921554650197,198,hc & pd,0.2146415071123151,0.2268346177567419,0.0035714285714285718,F,315,0.7763704104707954,0.03753146472169442,0.03650905318626597,0.03858301796135705,2.5050882399612376e-05,False,cross-sectional,ANCOVA,,,subcortical volume
Left-Pallidum,FreeSurfer6,4.103,0.044,0.2206523984858535,55.911586860856886,253.3921554650197,198,hc & pd,0.2146415071123151,0.2268346177567419,0.0035714285714285718,F,315,0.8939009662571535,0.02276710237993831,0.022146893489234543,0.02340498902899084,0.000736860667112275,False,cross-sectional,ANCOVA,,,subcortical volume
Left-Pallidum,FreeSurfer7,8.764,0.003428571428571429,0.2206523984858535,55.911586860856886,253.3921554650197,198,hc & pd,0.2146415071123151,0.2268346177567419,0.0035714285714285718,F,315,1.3064410941363638,0.0023034714433357176,0.0022407215402168246,0.0023680099013114837,0.6124280787541848,True,cross-sectional,ANCOVA,,,subcortical volume
Left-Putamen,FreeSurfer5,1.463,0.22778571428571429,0.1449720843561877,82.85201358453308,571.5032238963374,198,hc & pd,0.1410228345078279,0.1490338993185351,0.0035714285714285718,F,315,0.35070062657423945,0.055580018904505736,0.05406593857514276,0.05713725492960975,6.046742316516957e-20,False,cross-sectional,ANCOVA,,,subcortical volume
Left-Putamen,FreeSurfer6,2.527,0.1132857142857143,0.1449720843561877,82.85201358453308,571.5032238963374,198,hc & pd,0.1410228345078279,0.1490338993185351,0.0035714285714285718,F,315,0.4609109221877633,0.03270420723766376,0.031813297197653995,0.03362051080658588,2.7763439534619036e-13,False,cross-sectional,ANCOVA,,,subcortical volume
Left-Putamen,FreeSurfer7,1.707,0.1927142857142857,0.1449720843561877,82.85201358453308,571.5032238963374,198,hc & pd,0.1410228345078279,0.1490338993185351,0.0035714285714285718,F,315,0.3788184644342457,0.04920772526049832,0.04786723545250406,0.05058642292918257,3.725287539078856e-18,False,cross-sectional,ANCOVA,,,subcortical volume
Left-Thalamus,FreeSurfer5,15.696,7.142857142857143e-05,0.1609975503433589,143.6251333814874,892.0951472564552,198,hc & pd,0.1566117435578426,0.1655083653860621,0.0035714285714285718,F,315,1.275685910018862,5.917655145935628e-05,5.756449636671428e-05,6.083455481362393e-05,1.0,True,cross-sectional,ANCOVA,,,subcortical volume
Left-Thalamus,FreeSurfer6,15.582,7.142857142857143e-05,0.1609975503433589,143.6251333814874,892.0951472564552,198,hc & pd,0.1566117435578426,0.1655083653860621,0.0035714285714285718,F,315,1.2710448161673529,6.248873794673133e-05,6.078645409010972e-05,6.423954184734037e-05,1.0,True,cross-sectional,ANCOVA,,,subcortical volume
Left-Thalamus,FreeSurfer7,15.627,7.142857142857143e-05,0.1609975503433589,143.6251333814874,892.0951472564552,198,hc & pd,0.1566117435578426,0.1655083653860621,0.0035714285714285718,F,315,1.272878848408159,6.115956923137642e-05,5.9493493858414776e-05,6.287313260116543e-05,1.0,True,cross-sectional,ANCOVA,,,subcortical volume
Right-Accumbens-area,FreeSurfer5,3.688,0.05607142857142857,0.2333571902736778,21.98030570066392,94.19167960878232,198,hc & pd,0.2270002019445473,0.2398953712706216,0.0035714285714285718,F,315,0.896286053879999,0.029574200612814613,0.028768556493091797,0.030402807934576316,0.00046481627950829927,False,cross-sectional,ANCOVA,,,subcortical volume
Right-Accumbens-area,FreeSurfer6,7.267,0.007571428571428571,0.2333571902736778,21.98030570066392,94.19167960878232,198,hc & pd,0.2270002019445473,0.2398953712706216,0.0035714285714285718,F,315,1.2581393995267391,0.0050659543065522256,0.004927950363477267,0.005207891763630966,0.22363477994433234,False,cross-sectional,ANCOVA,,,subcortical volume
Right-Accumbens-area,FreeSurfer7,10.78,0.0012142857142857144,0.2333571902736778,21.98030570066392,94.19167960878232,198,hc & pd,0.2270002019445473,0.2398953712706216,0.0035714285714285718,F,315,1.5323591400988823,0.0009137395493847866,0.0008888479587528811,0.0009393406227904836,0.9757528934400546,True,cross-sectional,ANCOVA,,,subcortical volume
Right-Amygdala,FreeSurfer5,3.281,0.07142857142857142,0.200753778503017,45.85842167264524,228.4311758144869,198,hc & pd,0.1952849543991793,0.2063784800094661,0.0035714285714285718,F,315,0.727271952195615,0.031134413798523483,0.03028626720865662,0.03200673503452121,8.057310881798795e-06,False,cross-sectional,ANCOVA,,,subcortical volume
Right-Amygdala,FreeSurfer6,9.173,0.0027142857142857142,0.200753778503017,45.85842167264524,228.4311758144869,198,hc & pd,0.1952849543991793,0.2063784800094661,0.0035714285714285718,F,315,1.2160443676396777,0.0017168120045755026,0.0016700435554713711,0.0017649134905870377,0.7458970194096635,True,cross-sectional,ANCOVA,,,subcortical volume
Right-Amygdala,FreeSurfer7,11.376,0.0008571428571428572,0.200753778503017,45.85842167264524,228.4311758144869,198,hc & pd,0.1952849543991793,0.2063784800094661,0.0035714285714285718,F,315,1.3542177924380112,0.0005889382989802735,0.0005728947655078109,0.000605439119847414,0.9982151509103389,True,cross-sectional,ANCOVA,,,subcortical volume
Right-Caudate,FreeSurfer5,0.063,0.8017142857142857,0.1434684675759418,63.97455352951436,445.9136882859004,198,hc & pd,0.1395601784295526,0.1474881543371065,0.0035714285714285718,F,315,0.07202059913333438,0.110822269283136,0.10780330992896128,0.11392727776483495,7.795370147237037e-23,False,cross-sectional,ANCOVA,,,subcortical volume
Right-Caudate,FreeSurfer6,0.449,0.5034285714285714,0.1434684675759418,63.97455352951436,445.9136882859004,198,hc & pd,0.1395601784295526,0.1474881543371065,0.0035714285714285718,F,315,0.1922691585634731,0.09132908759704625,0.08884115078531285,0.09388793784843527,7.46786977950277e-29,False,cross-sectional,ANCOVA,,,subcortical volume
Right-Caudate,FreeSurfer7,0.57,0.451,0.1434684675759418,63.97455352951436,445.9136882859004,198,hc & pd,0.1395601784295526,0.1474881543371065,0.0035714285714285718,F,315,0.21663263537607408,0.08595936414960642,0.08361770639293878,0.08836776596715151,4.997864843857458e-28,False,cross-sectional,ANCOVA,,,subcortical volume
Right-Hippocampus,FreeSurfer5,15.21,0.00014285714285714287,0.1252826203758287,55.87681508274933,446.006117329981,198,hc & pd,0.1218697400842979,0.1287927776880071,0.0035714285714285718,F,315,0.9772044389314639,5.8091283339602835e-05,5.65087925246381e-05,5.9718879748239847e-05,1.0,True,cross-sectional,ANCOVA,,,subcortical volume
Right-Hippocampus,FreeSurfer6,17.531,7.142857142857143e-05,0.1252826203758287,55.87681508274933,446.006117329981,198,hc & pd,0.1218697400842979,0.1287927776880071,0.0035714285714285718,F,315,1.0491175906029035,1.9214539882000748e-05,1.869110794645061e-05,1.9752891151032477e-05,1.0,True,cross-sectional,ANCOVA,,,subcortical volume
Right-Hippocampus,FreeSurfer7,17.345,7.142857142857143e-05,0.1252826203758287,55.87681508274933,446.006117329981,198,hc & pd,0.1218697400842979,0.1287927776880071,0.0035714285714285718,F,315,1.043537297894079,2.0989890005629293e-05,2.0418094957707126e-05,2.1577982876484462e-05,1.0,True,cross-sectional,ANCOVA,,,subcortical volume
Right-Pallidum,FreeSurfer5,5.205,0.02342857142857143,0.2169901555772219,52.62570708312095,242.52578161036732,198,hc & pd,0.2110790290123071,0.2230697664521001,0.0035714285714285718,F,315,0.9901030395846835,0.012986594701158795,0.012632821025474774,0.013350451956170085,0.009106146061421823,False,cross-sectional,ANCOVA,,,subcortical volume
Right-Pallidum,FreeSurfer6,10.142,0.0016428571428571427,0.2169901555772219,52.62570708312095,242.52578161036732,198,hc & pd,0.2110790290123071,0.2230697664521001,0.0035714285714285718,F,315,1.3820756961844662,0.0011580546572083359,0.001126507568679652,0.0011905009295700402,0.9312226017077598,True,cross-sectional,ANCOVA,,,subcortical volume
Right-Pallidum,FreeSurfer7,21.056,0.0,0.2169901555772219,52.62570708312095,242.52578161036732,198,hc & pd,0.2110790290123071,0.2230697664521001,0.0035714285714285718,F,315,1.991397524064487,6.293145736772268e-06,6.121711319194387e-06,6.469466534168343e-06,0.0,True,cross-sectional,ANCOVA,,,subcortical volume
Right-Putamen,FreeSurfer5,1.161,0.28235714285714286,0.1687009195816769,92.81020202751692,550.1463907704584,198,hc & pd,0.1641052618449833,0.1734275669383848,0.0035714285714285718,F,315,0.36354950315357976,0.07520818928473709,0.07315940912511394,0.07731536564137444,8.576256542355687e-17,False,cross-sectional,ANCOVA,,,subcortical volume
Right-Putamen,FreeSurfer6,0.821,0.36592857142857144,0.1687009195816769,92.81020202751692,550.1463907704584,198,hc & pd,0.1641052618449833,0.1734275669383848,0.0035714285714285718,F,315,0.3057166022301341,0.08914506747970338,0.08671662654371415,0.0916427260497415,5.746994681008603e-19,False,cross-sectional,ANCOVA,,,subcortical volume
Right-Putamen,FreeSurfer7,1.503,0.22142857142857145,0.1687009195816769,92.81020202751692,550.1463907704584,198,hc & pd,0.1641052618449833,0.1734275669383848,0.0035714285714285718,F,315,0.4136441968762924,0.06339853283814076,0.061671464849091875,0.06517482729107926,8.580598016718666e-15,False,cross-sectional,ANCOVA,,,subcortical volume
Right-Thalamus,FreeSurfer5,13.594,0.00028571428571428574,0.1501798666558923,128.73277899781544,857.1906598690841,198,hc & pd,0.1460887492642138,0.1543875927994131,0.0035714285714285718,F,315,1.107427599420092,0.0001511395756021855,0.00014702231434682834,0.00015537419078558498,0.9999999999999998,True,cross-sectional,ANCOVA,,,subcortical volume
Right-Thalamus,FreeSurfer6,13.801,0.00028571428571428574,0.1501798666558923,128.73277899781544,857.1906598690841,198,hc & pd,0.1460887492642138,0.1543875927994131,0.0035714285714285718,F,315,1.115827313531148,0.00013682823813901827,0.00013310083847361645,0.00014066187954255355,1.0,True,cross-sectional,ANCOVA,,,subcortical volume
Right-Thalamus,FreeSurfer7,15.178,0.00014285714285714287,0.1501798666558923,128.73277899781544,857.1906598690841,198,hc & pd,0.1460887492642138,0.1543875927994131,0.0035714285714285718,F,315,1.1701700660499004,7.07098710290133e-05,6.878363158312955e-05,7.269101390494546e-05,1.0,True,cross-sectional,ANCOVA,,,subcortical volume
Left-Accumbens-area,FreeSurfer5,0.363,0.5476428571428571,0.5442618871361837,0.081005684064671,0.1488358563758883,390,hc & pd,0.5336622148101993,0.5550760815649441,0.0035714285714285718,F,125,0.6558299281046011,0.361008156190264,0.3539774082120078,0.3681811963822791,0.03438724154968299,False,longitudinal,ANCOVA,,,subcortical volume
Left-Accumbens-area,FreeSurfer6,1.811,0.17978571428571427,0.5442618871361837,0.081005684064671,0.1488358563758883,390,hc & pd,0.5336622148101993,0.5550760815649441,0.0035714285714285718,F,125,1.4648634533497673,0.1751074793197178,0.1716972057979312,0.17858677186628508,0.04896283842882891,False,longitudinal,ANCOVA,,,subcortical volume
Left-Accumbens-area,FreeSurfer7,0.504,0.47835714285714287,0.5442618871361837,0.081005684064671,0.1488358563758883,390,hc & pd,0.5336622148101993,0.5550760815649441,0.0035714285714285718,F,125,0.7727752193275251,0.33632467324855353,0.32977464390452477,0.3430072657534906,0.02796057525382301,False,longitudinal,ANCOVA,,,subcortical volume
Left-Amygdala,FreeSurfer5,0.07,0.7920714285714286,0.5926464814872665,0.0469547775480259,0.0792289822259491,390,hc & pd,0.5811045038890064,0.6044220520899539,0.0035714285714285718,F,125,0.3135990410785504,0.4555473676205255,0.44667543861011855,0.464598851697208,0.20792857142294022,False,longitudinal,ANCOVA,,,subcortical volume
Left-Amygdala,FreeSurfer6,1.621,0.20428571428571426,0.5926464814872665,0.0469547775480259,0.0792289822259491,390,hc & pd,0.5811045038890064,0.6044220520899539,0.0035714285714285718,F,125,1.5090972004787273,0.2095625157668723,0.20548121951696238,0.21372641157520778,0.07224400963372522,False,longitudinal,ANCOVA,,,subcortical volume
Left-Amygdala,FreeSurfer7,0.107,0.7435,0.5926464814872665,0.0469547775480259,0.0792289822259491,390,hc & pd,0.5811045038890064,0.6044220520899539,0.0035714285714285718,F,125,0.3877194561332116,0.4471359578274349,0.43842784368210236,0.45602031166209167,0.2564999999943688,False,longitudinal,ANCOVA,,,subcortical volume
Left-Caudate,FreeSurfer5,5.461,0.020285714285714285,0.452558734995989,0.0168429187216333,0.0372170890078667,390,hc & pd,0.4437450105508319,0.4615508365308442,0.0035714285714285718,F,125,2.1151493379713955,0.024379720172806197,0.023904917414540896,0.02486413225511232,0.25293245142160514,False,longitudinal,ANCOVA,,,subcortical volume
Left-Caudate,FreeSurfer6,3.084,0.08042857142857142,0.452558734995989,0.0168429187216333,0.0372170890078667,390,hc & pd,0.4437450105508319,0.4615508365308442,0.0035714285714285718,F,125,1.5895058555257828,0.07761230200791375,0.07610077788838011,0.07915441719880757,0.0511490549621733,False,longitudinal,ANCOVA,,,subcortical volume
Left-Caudate,FreeSurfer7,1.879,0.17178571428571426,0.452558734995989,0.0168429187216333,0.0372170890078667,390,hc & pd,0.4437450105508319,0.4615508365308442,0.0035714285714285718,F,125,1.2407044431276582,0.1407685556005594,0.13802704347480824,0.14356555198355123,0.013880900922153857,False,longitudinal,ANCOVA,,,subcortical volume
Left-Hippocampus,FreeSurfer5,0.222,0.6383571428571428,0.610305954456862,0.0232723144368352,0.0381322093728322,390,hc & pd,0.5984200530392945,0.6224324094016581,0.0035714285714285718,F,125,0.5751141990460722,0.4345604108138651,0.4260972094225106,0.4431948952131139,0.1651718607515647,False,longitudinal,ANCOVA,,,subcortical volume
Left-Hippocampus,FreeSurfer6,0.221,0.6386428571428572,0.610305954456862,0.0232723144368352,0.0381322093728322,390,hc & pd,0.5984200530392945,0.6224324094016581,0.0035714285714285718,F,125,0.5738174348276838,0.4347791187896975,0.4263116579913669,0.4434179488001855,0.16592548734486143,False,longitudinal,ANCOVA,,,subcortical volume
Left-Hippocampus,FreeSurfer7,0.903,0.7607142857142858,0.610305954456862,0.0232723144368352,0.0381322093728322,390,hc & pd,0.5984200530392945,0.6224324094016581,0.0035714285714285718,F,125,1.1599024826511712,0.3087798275615549,0.30276624279586745,0.3149151186224449,0.005662362287385921,False,longitudinal,ANCOVA,,,subcortical volume
Left-Pallidum,FreeSurfer5,0.085,0.7705000000000001,0.5578097255531542,0.0380447531849873,0.0682038183311703,390,hc & pd,0.5469462047907104,0.5688931083307469,0.0035714285714285718,F,125,0.3252561676177302,0.42554186320893966,0.4172543008834979,0.43399715386052806,0.22949999999436854,False,longitudinal,ANCOVA,,,subcortical volume
Left-Pallidum,FreeSurfer6,6.372,0.012285714285714285,0.5578097255531542,0.0380447531849873,0.0682038183311703,390,hc & pd,0.5469462047907104,0.5688931083307469,0.0035714285714285718,F,125,2.816138184238109,0.0193893049287192,0.01901169208510372,0.019774560112470887,0.4669494686951116,False,longitudinal,ANCOVA,,,subcortical volume
Left-Pallidum,FreeSurfer7,2.997,0.08478571428571428,0.5578097255531542,0.0380447531849873,0.0682038183311703,390,hc & pd,0.5469462047907104,0.5688931083307469,0.0035714285714285718,F,125,1.9313431747830738,0.09984530818901843,0.09790078924491365,0.1018291813961559,0.12225645525117498,False,longitudinal,ANCOVA,,,subcortical volume
Left-Putamen,FreeSurfer5,0.529,0.4677142857142857,0.5934137200498346,0.0254773642865596,0.0429335612335016,390,hc & pd,0.581856800237998,0.6052045352749822,0.0035714285714285718,F,125,0.8632079170694621,0.36212495780276943,0.3550724597600214,0.3693201882492584,0.061084855193847744,False,longitudinal,ANCOVA,,,subcortical volume
Left-Putamen,FreeSurfer6,2.095,0.14921428571428572,0.5934137200498346,0.0254773642865596,0.0429335612335016,390,hc & pd,0.581856800237998,0.6052045352749822,0.0035714285714285718,F,125,1.7178276646804689,0.16582685386072477,0.16259732345391753,0.16912174531196247,0.09458239421370083,False,longitudinal,ANCOVA,,,subcortical volume
Left-Putamen,FreeSurfer7,0.546,0.46071428571428574,0.5934137200498346,0.0254773642865596,0.0429335612335016,390,hc & pd,0.581856800237998,0.6052045352749822,0.0035714285714285718,F,125,0.8769683103882087,0.359048514495429,0.3520559311587407,0.36618261764849364,0.06011227795305436,False,longitudinal,ANCOVA,,,subcortical volume
Left-Thalamus,FreeSurfer5,0.792,0.37435714285714283,0.5204235988066399,0.0263912703745696,0.0507111330752223,390,hc & pd,0.510288184682594,0.5307641391160552,0.0035714285714285718,F,125,0.926295529468484,0.27835006037065757,0.2729291049416975,0.28388072813051907,0.017017253403154495,False,longitudinal,ANCOVA,,,subcortical volume
Left-Thalamus,FreeSurfer6,0.257,0.6129285714285714,0.5204235988066399,0.0263912703745696,0.0507111330752223,390,hc & pd,0.510288184682594,0.5307641391160552,0.0035714285714285718,F,125,0.5276592294429336,0.3640931262137987,0.3570022974689891,0.371327463120557,0.029619979251092388,False,longitudinal,ANCOVA,,,subcortical volume
Left-Thalamus,FreeSurfer7,0.276,0.6000714285714286,0.5204235988066399,0.0263912703745696,0.0507111330752223,390,hc & pd,0.510288184682594,0.5307641391160552,0.0035714285714285718,F,125,0.5468163835357527,0.36063023231829694,0.35360684452693186,0.36779576336383796,0.027408056789630836,False,longitudinal,ANCOVA,,,subcortical volume
Right-Accumbens-area,FreeSurfer5,1.379,0.2415,0.5362698339922046,0.0611908697066784,0.1141046276109723,390,hc & pd,0.5258258094279692,0.5469252305726741,0.0035714285714285718,F,125,1.2594922417517098,0.21391432428791682,0.20974827519119044,0.21816468821863166,0.03196078063297298,False,longitudinal,ANCOVA,,,subcortical volume
Right-Accumbens-area,FreeSurfer6,2.096,0.149,0.5362698339922046,0.0611908697066784,0.1141046276109723,390,hc & pd,0.5258258094279692,0.5469252305726741,0.0035714285714285718,F,125,1.5527766894768302,0.14978399171369172,0.14686690111931422,0.1527601200206558,0.055834143781101395,False,longitudinal,ANCOVA,,,subcortical volume
Right-Accumbens-area,FreeSurfer7,4.185,0.041928571428571426,0.5362698339922046,0.0611908697066784,0.1141046276109723,390,hc & pd,0.5258258094279692,0.5469252305726741,0.0035714285714285718,F,125,2.1941236303794383,0.05364536297143327,0.05260060256702999,0.05471126782181156,0.2021182824445445,False,longitudinal,ANCOVA,,,subcortical volume
Right-Amygdala,FreeSurfer5,0.289,0.5916428571428571,0.580230428886389,0.0363417528233613,0.0626333108608427,390,hc & pd,0.5689302578379939,0.5917592991228794,0.0035714285714285718,F,125,0.6238489058258974,0.3994535703985747,0.3916740858236975,0.4073905005376344,0.07949119669959233,False,longitudinal,ANCOVA,,,subcortical volume
Right-Amygdala,FreeSurfer6,1.014,0.3151428571428571,0.580230428886389,0.0363417528233613,0.0626333108608427,390,hc & pd,0.5689302578379939,0.5917592991228794,0.0035714285714285718,F,125,1.168555849780681,0.27770928412171025,0.2723008080127864,0.28322721999807005,0.04710760239615345,False,longitudinal,ANCOVA,,,subcortical volume
Right-Amygdala,FreeSurfer7,0.502,0.47935714285714287,0.580230428886389,0.0363417528233613,0.0626333108608427,390,hc & pd,0.5689302578379939,0.5917592991228794,0.0035714285714285718,F,125,0.8222092434509668,0.35891147906501,0.3519215645366542,0.3660428593969049,0.05146839888158257,False,longitudinal,ANCOVA,,,subcortical volume
Right-Caudate,FreeSurfer5,12.644,0.0004285714285714286,0.5109226384487832,0.0231209560452689,0.0452533403402649,390,hc & pd,0.500972258531533,0.5210743997255338,0.0035714285714285718,F,125,3.6335185816012383,0.0009433936459399064,0.0009250207564215986,0.0009621383762823757,0.9804134054156198,True,longitudinal,ANCOVA,,,subcortical volume
Right-Caudate,FreeSurfer6,4.884,0.028142857142857143,0.5109226384487832,0.0231209560452689,0.0452533403402649,390,hc & pd,0.500972258531533,0.5210743997255338,0.0035714285714285718,F,125,2.2582549431538608,0.036385159341977384,0.03567654686024909,0.03710811311982866,0.2472825962376389,False,longitudinal,ANCOVA,,,subcortical volume
Right-Caudate,FreeSurfer7,1.236,0.2675,0.5109226384487832,0.0231209560452689,0.0452533403402649,390,hc & pd,0.500972258531533,0.5210743997255338,0.0035714285714285718,F,125,1.1360419726482291,0.21887032897612924,0.2146077601212079,0.22321916608594206,0.019225087331456243,False,longitudinal,ANCOVA,,,subcortical volume
Right-Hippocampus,FreeSurfer5,3.33,0.06935714285714285,0.6302122361696282,0.0212491968664773,0.0337175250604907,390,hc & pd,0.6179386536221283,0.6427342183521081,0.0035714285714285718,F,125,2.30005882578484,0.09577636242668904,0.09391108748774477,0.09767938784412465,0.21383439592819478,False,longitudinal,ANCOVA,,,subcortical volume
Right-Hippocampus,FreeSurfer6,1.575,0.2107857142857143,0.6302122361696282,0.0212491968664773,0.0337175250604907,390,hc & pd,0.6179386536221283,0.6427342183521081,0.0035714285714285718,F,125,1.5818201587073406,0.22800562269387264,0.22356514110558096,0.2325359732345585,0.09949398313695798,False,longitudinal,ANCOVA,,,subcortical volume
Right-Hippocampus,FreeSurfer7,0.018,0.8937142857142858,0.6302122361696282,0.0212491968664773,0.0337175250604907,390,hc & pd,0.6179386536221283,0.6427342183521081,0.0035714285714285718,F,125,0.16910368803929285,0.4972835009810863,0.4875987475781735,0.5071642598453912,0.10628571428008296,False,longitudinal,ANCOVA,,,subcortical volume
Right-Pallidum,FreeSurfer5,0.178,0.6658571428571428,0.572812572781918,0.0389047542958497,0.0679188204736938,390,hc & pd,0.5616568668263893,0.5841940541601137,0.0035714285714285718,F,125,0.48333977841511505,0.41699573613447416,0.40887461233575384,0.4252812197832565,0.11995429038143392,False,longitudinal,ANCOVA,,,subcortical volume
Right-Pallidum,FreeSurfer6,1.569,0.21171428571428572,0.572812572781918,0.0389047542958497,0.0679188204736938,390,hc & pd,0.5616568668263893,0.5841940541601137,0.0035714285714285718,F,125,1.4350069659895255,0.20785868173422023,0.20381056819078094,0.2119887232658942,0.05707032859937822,False,longitudinal,ANCOVA,,,subcortical volume
Right-Pallidum,FreeSurfer7,0.132,0.7240714285714286,0.572812572781918,0.0389047542958497,0.0679188204736938,390,hc & pd,0.5616568668263893,0.5841940541601137,0.0035714285714285718,F,125,0.41622628531552064,0.42676512621217355,0.41845374045299666,0.4352447224494867,0.18633857693939604,False,longitudinal,ANCOVA,,,subcortical volume
Right-Putamen,FreeSurfer5,2.143,0.14464285714285713,0.6574161173265474,0.0317093910138104,0.048233364193686,390,hc & pd,0.644612730592729,0.6704786261690803,0.0035714285714285718,F,125,1.9247814667439909,0.1793939431536872,0.17590018939352436,0.1829584054584316,0.15201893099323838,False,longitudinal,ANCOVA,,,subcortical volume
Right-Putamen,FreeSurfer6,0.152,0.6971428571428572,0.6574161173265474,0.0317093910138104,0.048233364193686,390,hc & pd,0.644612730592729,0.6704786261690803,0.0035714285714285718,F,125,0.5126159755635726,0.4848903307049393,0.47544693821138306,0.4945248438626778,0.30285714285151144,False,longitudinal,ANCOVA,,,subcortical volume
Right-Putamen,FreeSurfer7,1.272,0.2606428571428571,0.6574161173265474,0.0317093910138104,0.048233364193686,390,hc & pd,0.644612730592729,0.6704786261690803,0.0035714285714285718,F,125,1.4829069425691506,0.27661184343269907,0.27122474032816096,0.28210797374584473,0.11396378234238151,False,longitudinal,ANCOVA,,,subcortical volume
Right-Thalamus,FreeSurfer5,0.616,0.4333571428571429,0.4915500127265285,0.0245322038689191,0.0499078491176186,390,hc & pd,0.4819769208200747,0.5013168502264952,0.0035714285714285718,F,125,0.7715926169865894,0.2871517179955561,0.2815593475016164,0.2928572700144494,0.008848616658519435,False,longitudinal,ANCOVA,,,subcortical volume
Right-Thalamus,FreeSurfer6,0.207,0.6492857142857142,0.4915500127265285,0.0245322038689191,0.0499078491176186,390,hc & pd,0.4819769208200747,0.5013168502264952,0.0035714285714285718,F,125,0.4472835025232664,0.3526535311710567,0.3457854921564505,0.35966056940432267,0.019765020907309503,False,longitudinal,ANCOVA,,,subcortical volume
Right-Thalamus,FreeSurfer7,0.017,0.8835714285714286,0.4915500127265285,0.0245322038689191,0.0499078491176186,390,hc & pd,0.4819769208200747,0.5013168502264952,0.0035714285714285718,F,125,0.1281805610097671,0.3880644078853003,0.38050673085117037,0.39577504141842396,0.11642857142294008,False,longitudinal,ANCOVA,,,subcortical volume
Left-Accumbens-area,FS5,,0.16214285714285714,0.2830703851954289,25.323827070222176,89.46123789226084,198,hc & pd,0.275359137331588,0.2910014260650579,0.0035714285714285718,R,315,,0.01782985795830229,0.01734414676672489,0.018329413332381243,9.830923402059318e-90,False,cross-sectional,Partial Correlation,0.127,0.015845235260673222,subcortical volume
Left-Accumbens-area,FS6,,0.35150000000000003,0.2830703851954289,25.323827070222176,89.46123789226084,198,hc & pd,0.275359137331588,0.2910014260650579,0.0035714285714285718,R,315,,0.07269839005374608,0.07071798046543966,0.0747352470788087,3.19105426864201e-26,False,cross-sectional,Partial Correlation,0.085,0.015916773198671588,subcortical volume
Left-Accumbens-area,FS7,,0.34664285714285714,0.2830703851954289,25.323827070222176,89.46123789226084,198,hc & pd,0.275359137331588,0.2910014260650579,0.0035714285714285718,R,315,,0.07077082136289435,0.06884292154151207,0.0727536719398589,5.6853756583721634e-27,False,cross-sectional,Partial Correlation,0.086,0.015915402351586675,subcortical volume
Left-Amygdala,FS5,,0.27471428571428574,0.2324591275684218,52.01604232997413,223.7642499740681,198,hc & pd,0.2261266037699512,0.2389721467243841,0.0035714285714285718,R,315,,0.03980655011858391,0.03872216195711346,0.04092184649849827,4.1309791140315723e-54,False,cross-sectional,Partial Correlation,-0.099,0.013053982351338641,subcortical volume
Left-Amygdala,FS6,,0.08614285714285715,0.2324591275684218,52.01604232997413,223.7642499740681,198,hc & pd,0.2261266037699512,0.2389721467243841,0.0035714285714285718,R,315,,0.004165654680938163,0.004052176205478054,0.00428236762319976,0.0,False,cross-sectional,Partial Correlation,-0.155,0.012959884351503588,subcortical volume
Left-Amygdala,FS7,,0.05157142857142857,0.2324591275684218,52.01604232997413,223.7642499740681,198,hc & pd,0.2261266037699512,0.2389721467243841,0.0035714285714285718,R,315,,0.0013659485642298083,0.001328738144140255,0.0014042195895835852,0.0,False,cross-sectional,Partial Correlation,-0.176,0.012913651032436423,subcortical volume
Left-Caudate,FS5,,0.022285714285714287,0.0920334246195093,40.08039109817606,435.4982036567588,198,hc & pd,0.0895263006456991,0.0946120089229338,0.0035714285714285718,R,315,,8.453265412259803e-05,8.222986201639572e-05,8.690108250553074e-05,0.0,False,cross-sectional,Partial Correlation,-0.206,0.005082351099973737,subcortical volume
Left-Caudate,FS6,,0.04892857142857143,0.0920334246195093,40.08039109817606,435.4982036567588,198,hc & pd,0.0895263006456991,0.0946120089229338,0.0035714285714285718,R,315,,0.00048251959601304056,0.00046937506236128433,0.0004960387871277674,0.0,False,cross-sectional,Partial Correlation,-0.178,0.005110805019379114,subcortical volume
Left-Caudate,FS7,,0.04364285714285714,0.0920334246195093,40.08039109817606,435.4982036567588,198,hc & pd,0.0895263006456991,0.0946120089229338,0.0035714285714285718,R,315,,0.0003825496621102874,0.0003721284544564935,0.0003932679045105471,0.0,False,cross-sectional,Partial Correlation,-0.182,0.0051070034208321345,subcortical volume
Left-Hippocampus,FS5,,0.1732857142857143,0.160584483739935,70.34512782932454,438.0568171408625,198,hc & pd,0.1562099294878162,0.1650837255192911,0.0035714285714285718,R,315,,0.011396965160025242,0.01108649529867313,0.011716284315971185,2.4006042062716498e-250,False,cross-sectional,Partial Correlation,-0.124,0.00899236578519284,subcortical volume
Left-Hippocampus,FS6,,0.2245714285714286,0.160584483739935,70.34512782932454,438.0568171408625,198,hc & pd,0.1562099294878162,0.1650837255192911,0.0035714285714285718,R,315,,0.019135060223384008,0.018613793429013526,0.019671184638411374,8.524522166163431e-154,False,cross-sectional,Partial Correlation,-0.11,0.00900731287530534,subcortical volume
Left-Hippocampus,FS7,,0.18492857142857141,0.160584483739935,70.34512782932454,438.0568171408625,198,hc & pd,0.1562099294878162,0.1650837255192911,0.0035714285714285718,R,315,,0.013301863841384586,0.01293950177704796,0.013674554279119452,1.7858631421847732e-211,False,cross-sectional,Partial Correlation,-0.12,0.008996821483593497,subcortical volume
Left-Pallidum,FS5,,0.04442857142857143,0.2206523984858535,55.911586860856886,253.3921554650197,198,hc & pd,0.2146415071123151,0.2268346177567419,0.0035714285714285718,R,315,,0.0009171722212181415,0.0008921871196266779,0.0009428694709178852,0.0,False,cross-sectional,Partial Correlation,-0.182,0.012244166274816577,subcortical volume
Left-Pallidum,FS6,,0.352,0.2206523984858535,55.911586860856886,253.3921554650197,198,hc & pd,0.2146415071123151,0.2268346177567419,0.0035714285714285718,R,315,,0.05666814675913411,0.05512442424876799,0.05825586985366604,1.4052925864000992e-42,False,cross-sectional,Partial Correlation,-0.085,0.012407070347601133,subcortical volume
Left-Pallidum,FS7,,0.09692857142857143,0.2206523984858535,55.911586860856886,253.3921554650197,198,hc & pd,0.2146415071123151,0.2268346177567419,0.0035714285714285718,R,315,,0.0050445761863449606,0.0049071546142717155,0.005185914673153596,0.0,False,cross-sectional,Partial Correlation,-0.15,0.012311251732580934,subcortical volume
Left-Putamen,FS5,,0.037142857142857144,0.1449720843561877,82.85201358453308,571.5032238963374,198,hc & pd,0.1410228345078279,0.1490338993185351,0.0035714285714285718,R,315,,0.00042100786738829605,0.00040953900244215623,0.00043280362836267954,0.0,False,cross-sectional,Partial Correlation,-0.188,0.008035368422202064,subcortical volume
Left-Putamen,FS6,,0.02514285714285714,0.1449720843561877,82.85201358453308,571.5032238963374,198,hc & pd,0.1410228345078279,0.1490338993185351,0.0035714285714285718,R,315,,0.000173673243838564,0.0001689421327771514,0.00017853920533394887,0.0,False,cross-sectional,Partial Correlation,-0.202,0.008012595864478035,subcortical volume
Left-Putamen,FS7,,0.013857142857142858,0.1449720843561877,82.85201358453308,571.5032238963374,198,hc & pd,0.1410228345078279,0.1490338993185351,0.0035714285714285718,R,315,,4.673818912841552e-05,4.5464973066525275e-05,4.80476955534483e-05,0.0,False,cross-sectional,Partial Correlation,-0.221,0.007978956912979758,subcortical volume
Left-Thalamus,FS5,,0.8828571428571428,0.1609975503433589,143.6251333814874,892.0951472564552,198,hc & pd,0.1566117435578426,0.1655083653860621,0.0035714285714285718,R,315,,0.12481566271521388,0.12141550302764334,0.12831273684919917,2.735631968455394e-13,False,cross-sectional,Partial Correlation,-0.013,0.009084849623297002,subcortical volume
Left-Thalamus,FS6,,0.7741428571428571,0.1609975503433589,143.6251333814874,892.0951472564552,198,hc & pd,0.1566117435578426,0.1655083653860621,0.0035714285714285718,R,315,,0.11532018977367174,0.11217870054145836,0.1185512205915262,3.8034124855427637e-22,False,cross-sectional,Partial Correlation,-0.026,0.009082545932563937,subcortical volume
Left-Thalamus,FS7,,0.8583571428571428,0.1609975503433589,143.6251333814874,892.0951472564552,198,hc & pd,0.1566117435578426,0.1655083653860621,0.0035714285714285718,R,315,,0.12313275298485493,0.11977843819926633,0.12658267550373167,1.7795740883341004e-15,False,cross-sectional,Partial Correlation,-0.016,0.009084454356941144,subcortical volume
Right-Accumbens-area,FS5,,0.9890714285714285,0.2333571902736778,21.98030570066392,94.19167960878232,198,hc & pd,0.2270002019445473,0.2398953712706216,0.0035714285714285718,R,315,,0.18571798512244986,0.18065875783852323,0.1909214151075908,0.010928571422940288,False,cross-sectional,Partial Correlation,0.001,0.013169101526748375,subcortical volume
Right-Accumbens-area,FS6,,0.7877142857142857,0.2333571902736778,21.98030570066392,94.19167960878232,198,hc & pd,0.2270002019445473,0.2398953712706216,0.0035714285714285718,R,315,,0.1684863660236969,0.1638965530371156,0.17320700203790465,4.037366653180616e-10,False,cross-sectional,Partial Correlation,0.025,0.013164992121795414,subcortical volume
Right-Accumbens-area,FS7,,0.7092142857142857,0.2333571902736778,21.98030570066392,94.19167960878232,198,hc & pd,0.2270002019445473,0.2398953712706216,0.0035714285714285718,R,315,,0.15508060275894486,0.1508559822076906,0.15942563729061707,6.082959121235888e-13,False,cross-sectional,Partial Correlation,-0.034,0.013161494165749186,subcortical volume
Right-Amygdala,FS5,,0.07935714285714286,0.200753778503017,45.85842167264524,228.4311758144869,198,hc & pd,0.1952849543991793,0.2063784800094661,0.0035714285714285718,R,315,,0.0029427651834867353,0.002862599991641319,0.0030252153166005938,0.0,False,cross-sectional,Partial Correlation,-0.159,0.01118506777415332,subcortical volume
Right-Amygdala,FS6,,0.08578571428571428,0.200753778503017,45.85842167264524,228.4311758144869,198,hc & pd,0.1952849543991793,0.2063784800094661,0.0035714285714285718,R,315,,0.003423009032640352,0.0033297613017884203,0.0035189145951958867,0.0,False,cross-sectional,Partial Correlation,-0.156,0.011190488479189303,subcortical volume
Right-Amygdala,FS7,,0.008214285714285714,0.200753778503017,45.85842167264524,228.4311758144869,198,hc & pd,0.1952849543991793,0.2063784800094661,0.0035714285714285718,R,315,,1.936713221859266e-05,1.8839543446470696e-05,1.9909758806135966e-05,0.0,False,cross-sectional,Partial Correlation,-0.237,0.011006418520431742,subcortical volume
Right-Caudate,FS5,,0.225,0.1434684675759418,63.97455352951436,445.9136882859004,198,hc & pd,0.1395601784295526,0.1474881543371065,0.0035714285714285718,R,315,,0.017095535653794628,0.01662982846686821,0.017574516850873367,5.288259657322979e-193,False,cross-sectional,Partial Correlation,-0.11,0.008047261759672365,subcortical volume
Right-Caudate,FS6,,0.2372857142857143,0.1434684675759418,63.97455352951436,445.9136882859004,198,hc & pd,0.1395601784295526,0.1474881543371065,0.0035714285714285718,R,315,,0.018945820985648957,0.01842970934259087,0.019476643312548753,2.878234759818157e-175,False,cross-sectional,Partial Correlation,-0.107,0.008049912789451424,subcortical volume
Right-Caudate,FS7,,0.19192857142857142,0.1434684675759418,63.97455352951436,445.9136882859004,198,hc & pd,0.1395601784295526,0.1474881543371065,0.0035714285714285718,R,315,,0.012813790529396204,0.01246472428998973,0.013172806172496226,2.899240232138985e-246,False,cross-sectional,Partial Correlation,-0.118,0.008039829333842985,subcortical volume
Right-Hippocampus,FS5,,0.01307142857142857,0.1252826203758287,55.87681508274933,446.006117329981,198,hc & pd,0.1218697400842979,0.1287927776880071,0.0035714285714285718,R,315,,3.49138374187333e-05,3.396273384769804e-05,3.589205020949337e-05,0.0,False,cross-sectional,Partial Correlation,-0.223,0.006892070992126055,subcortical volume
Right-Hippocampus,FS6,,0.07242857142857143,0.1252826203758287,55.87681508274933,446.006117329981,198,hc & pd,0.1218697400842979,0.1287927776880071,0.0035714285714285718,R,315,,0.0014941641059323324,0.0014534609085203388,0.0015360274629270968,0.0,False,cross-sectional,Partial Correlation,-0.163,0.006975552163123391,subcortical volume
Right-Hippocampus,FS7,,0.03678571428571429,0.1252826203758287,55.87681508274933,446.006117329981,198,hc & pd,0.1218697400842979,0.1287927776880071,0.0035714285714285718,R,315,,0.00034230554323364974,0.00033298064374895424,0.00035189622949145896,0.0,False,cross-sectional,Partial Correlation,-0.189,0.0069426833638867765,subcortical volume
Right-Pallidum,FS5,,0.8677857142857143,0.2169901555772219,52.62570708312095,242.52578161036732,198,hc & pd,0.2110790290123071,0.2230697664521001,0.0035714285714285718,R,315,,0.1667612362194833,0.16221841827093259,0.17143353770030925,5.722054143598824e-08,False,cross-sectional,Partial Correlation,-0.015,0.012244085216239129,subcortical volume
Right-Pallidum,FS6,,0.6529999999999999,0.2169901555772219,52.62570708312095,242.52578161036732,198,hc & pd,0.2110790290123071,0.2230697664521001,0.0035714285714285718,R,315,,0.13284862987346743,0.12922964050932495,0.13657077096665618,2.0558573497877524e-17,False,cross-sectional,Partial Correlation,0.041,0.0122351662677582,subcortical volume
Right-Pallidum,FS7,,0.9414999999999999,0.2169901555772219,52.62570708312095,242.52578161036732,198,hc & pd,0.2110790290123071,0.2230697664521001,0.0035714285714285718,R,315,,0.17140391174319458,0.16673462057954574,0.17620629129381776,0.0005909106699476961,False,cross-sectional,Partial Correlation,-0.007,0.012245162890799341,subcortical volume
Right-Putamen,FS5,,0.013714285714285715,0.1687009195816769,92.81020202751692,550.1463907704584,198,hc & pd,0.1641052618449833,0.1734275669383848,0.0035714285714285718,R,315,,5.057585436873528e-05,4.9198094739469984e-05,5.1992884157061285e-05,0.0,False,cross-sectional,Partial Correlation,-0.222,0.009282779346881938,subcortical volume
Right-Putamen,FS6,,0.0026428571428571425,0.1687009195816769,92.81020202751692,550.1463907704584,198,hc & pd,0.1641052618449833,0.1734275669383848,0.0035714285714285718,R,315,,1.0943136799663179e-06,1.0645029881089329e-06,1.1249740632982404e-06,1.0,True,cross-sectional,Partial Correlation,-0.269,0.009169425481299726,subcortical volume
Right-Putamen,FS7,,0.0030714285714285713,0.1687009195816769,92.81020202751692,550.1463907704584,198,hc & pd,0.1641052618449833,0.1734275669383848,0.0035714285714285718,R,315,,1.8701169598385564e-06,1.8191722613963942e-06,1.922513730448191e-06,1.0,True,cross-sectional,Partial Correlation,-0.263,0.009185187901227125,subcortical volume
Right-Thalamus,FS5,,0.8868571428571429,0.1501798666558923,128.73277899781544,857.1906598690841,198,hc & pd,0.1460887492642138,0.1543875927994131,0.0035714285714285718,R,315,,0.11642909810218034,0.11325740059871485,0.11969119821493117,6.1624788440343705e-15,False,cross-sectional,Partial Correlation,-0.013,0.008474424002761586,subcortical volume
Right-Thalamus,FS6,,0.7171428571428571,0.1501798666558923,128.73277899781544,857.1906598690841,198,hc & pd,0.1460887492642138,0.1543875927994131,0.0035714285714285718,R,315,,0.1008538205035194,0.0981064161525449,0.1036795338741336,2.5260775623148046e-30,False,cross-sectional,Partial Correlation,-0.033,0.008470524211497172,subcortical volume
Right-Thalamus,FS7,,0.5222142857142857,0.1501798666558923,128.73277899781544,857.1906598690841,198,hc & pd,0.1460887492642138,0.1543875927994131,0.0035714285714285718,R,315,,0.07066709480122152,0.06874202064182634,0.0726470391766089,7.040482640184705e-50,False,cross-sectional,Partial Correlation,-0.058,0.008460872987761534,subcortical volume
Left-Accumbens-area,FS5,,0.26671428571428574,0.5442618871361837,0.081005684064671,0.1488358563758883,390,hc & pd,0.5336622148101993,0.5550760815649441,0.0035714285714285718,R,125,,0.23092696519118278,0.22642958953414344,0.23551536125463185,0.03050496802321516,False,longitudinal,Partial Correlation,-0.101,0.04862622843209788,subcortical volume
Left-Accumbens-area,FS6,,0.4044285714285714,0.5442618871361837,0.081005684064671,0.1488358563758883,390,hc & pd,0.5336622148101993,0.5550760815649441,0.0035714285714285718,R,125,,0.3031417760536683,0.29723799412362506,0.3091650420276531,0.02421885601429483,False,longitudinal,Partial Correlation,0.076,0.04873480154173349,subcortical volume
Left-Accumbens-area,FS7,,0.3203571428571429,0.5442618871361837,0.081005684064671,0.1488358563758883,390,hc & pd,0.5336622148101993,0.5550760815649441,0.0035714285714285718,R,125,,0.2599044153929386,0.2548426947317005,0.265068577990731,0.024954282024641096,False,longitudinal,Partial Correlation,0.091,0.04867336786478003,subcortical volume
Left-Amygdala,FS5,,0.26071428571428573,0.5926464814872665,0.0469547775480259,0.0792289822259491,390,hc & pd,0.5811045038890064,0.6044220520899539,0.0035714285714285718,R,125,,0.24521106687683494,0.24043550382340154,0.25008328044894995,0.05409073180733801,False,longitudinal,Partial Correlation,0.103,0.052938160402184915,subcortical volume
Left-Amygdala,FS6,,0.4082142857142857,0.5926464814872665,0.0469547775480259,0.0792289822259491,390,hc & pd,0.5811045038890064,0.6044220520899539,0.0035714285714285718,R,125,,0.33009091986089123,0.3236622948349526,0.3366496509991802,0.04952859994978839,False,longitudinal,Partial Correlation,-0.076,0.0530672996627847,subcortical volume
Left-Amygdala,FS7,,0.9028571428571429,0.5926464814872665,0.0469547775480259,0.0792289822259491,390,hc & pd,0.5811045038890064,0.6044220520899539,0.0035714285714285718,R,125,,0.4665401888502163,0.45745417117086734,0.4758100944421807,0.09714285713722584,False,longitudinal,Partial Correlation,0.011,0.053218005169783936,subcortical volume
Left-Caudate,FS5,,0.29457142857142854,0.452558734995989,0.0168429187216333,0.0372170890078667,390,hc & pd,0.4437450105508319,0.4615508365308442,0.0035714285714285718,R,125,,0.20402908683469015,0.2000555558626851,0.20808303635109404,0.004245146289105891,False,longitudinal,Partial Correlation,0.096,0.04045326705488504,subcortical volume
Left-Caudate,FS6,,0.8570714285714286,0.452558734995989,0.0168429187216333,0.0372170890078667,390,hc & pd,0.4437450105508319,0.4615508365308442,0.0035714285714285718,R,125,,0.35333870492007335,0.3464573219300803,0.36035935719157075,0.14292857142294024,False,longitudinal,Partial Correlation,-0.016,0.04063577176424124,subcortical volume
Left-Caudate,FS7,,0.9817142857142857,0.452558734995989,0.0168429187216333,0.0372170890078667,390,hc & pd,0.4437450105508319,0.4615508365308442,0.0035714285714285718,R,125,,0.35881290606825395,0.35182491128017485,0.3659423278070937,0.018285714280083142,False,longitudinal,Partial Correlation,-0.002,0.04064089285987533,subcortical volume
Left-Hippocampus,FS5,,0.46585714285714286,0.610305954456862,0.0232723144368352,0.0381322093728322,390,hc & pd,0.5984200530392945,0.6224324094016581,0.0035714285714285718,R,125,,0.36783794917689044,0.36067418882091024,0.37514669372559706,0.0707874404682448,False,longitudinal,Partial Correlation,0.067,0.054683939756276015,subcortical volume
Left-Hippocampus,FS6,,0.4690714285714286,0.610305954456862,0.0232723144368352,0.0381322093728322,390,hc & pd,0.5984200530392945,0.6224324094016581,0.0035714285714285718,R,125,,0.3708477217424911,0.3636253451142252,0.3782162688724183,0.073941511109868,False,longitudinal,Partial Correlation,0.066,0.05468759251404931,subcortical volume
Left-Hippocampus,FS7,,0.48778571428571427,0.610305954456862,0.0232723144368352,0.0381322093728322,390,hc & pd,0.5984200530392945,0.6224324094016581,0.0035714285714285718,R,125,,0.37974394627052477,0.3723483128569423,0.3872892566535879,0.07911933582205524,False,longitudinal,Partial Correlation,0.063,0.05469821982768628,subcortical volume
Left-Pallidum,FS5,,0.8131428571428572,0.5578097255531542,0.0380447531849873,0.0682038183311703,390,hc & pd,0.5469462047907104,0.5688931083307469,0.0035714285714285718,R,125,,0.42949680726428413,0.42113222115296817,0.4380306805522471,0.18685714285151145,False,longitudinal,Partial Correlation,0.022,0.05008066819285912,subcortical volume
Left-Pallidum,FS6,,0.11078571428571428,0.5578097255531542,0.0380447531849873,0.0682038183311703,390,hc & pd,0.5469462047907104,0.5688931083307469,0.0035714285714285718,R,125,,0.12101879928383319,0.11866191990643937,0.12342337850556921,0.08521321051828237,False,longitudinal,Partial Correlation,0.145,0.049563394208756474,subcortical volume
Left-Pallidum,FS7,,0.6715,0.5578097255531542,0.0380447531849873,0.0682038183311703,390,hc & pd,0.5469462047907104,0.5688931083307469,0.0035714285714285718,R,125,,0.40314400205525724,0.39529264515709817,0.41115425910991527,0.08825870966910712,False,longitudinal,Partial Correlation,0.039,0.050054682050452486,subcortical volume
Left-Putamen,FS5,,0.9399285714285714,0.5934137200498346,0.0254773642865596,0.0429335612335016,390,hc & pd,0.581856800237998,0.6052045352749822,0.0035714285714285718,R,125,,0.4692005550460121,0.46006272589389774,0.4785233207003343,0.06007142856579738,False,longitudinal,Partial Correlation,-0.007,0.05328881958412961,subcortical volume
Left-Putamen,FS6,,0.2722857142857143,0.5934137200498346,0.0254773642865596,0.0429335612335016,390,hc & pd,0.581856800237998,0.6052045352749822,0.0035714285714285718,R,125,,,,,0.0,False,longitudinal,Partial Correlation,1.0,0.0,subcortical volume
Left-Putamen,FS7,,0.8579285714285714,0.5934137200498346,0.0254773642865596,0.0429335612335016,390,hc & pd,0.581856800237998,0.6052045352749822,0.0035714285714285718,R,125,,0.46714417054091223,0.45804639012718196,0.47642607692806177,0.14207142856579735,False,longitudinal,Partial Correlation,-0.011,0.05328690105808271,subcortical volume
Left-Thalamus,FS5,,0.12407142857142858,0.5204235988066399,0.0263912703745696,0.0507111330752223,390,hc & pd,0.510288184682594,0.5307641391160552,0.0035714285714285718,R,125,,0.1233836208305337,0.12098068580585516,0.12583518779952846,0.052214153802800804,False,longitudinal,Partial Correlation,0.14,0.046275145216815715,subcortical volume
Left-Thalamus,FS6,,0.6895714285714286,0.5204235988066399,0.0263912703745696,0.0507111330752223,390,hc & pd,0.510288184682594,0.5307641391160552,0.0035714285714285718,R,125,,0.37963278233576786,0.3722393138749604,0.38717588395052965,0.05013557031421798,False,longitudinal,Partial Correlation,0.037,0.04670341747236644,subcortical volume
Left-Thalamus,FS7,,0.8968571428571428,0.5204235988066399,0.0263912703745696,0.0507111330752223,390,hc & pd,0.510288184682594,0.5307641391160552,0.0035714285714285718,R,125,,0.40911079216226076,0.4011432301403057,0.4172396061650679,0.10314285713722594,False,longitudinal,Partial Correlation,-0.012,0.04673205375146167,subcortical volume
Right-Accumbens-area,FS5,,0.14835714285714285,0.5362698339922046,0.0611908697066784,0.1141046276109723,390,hc & pd,0.5258258094279692,0.5469252305726741,0.0035714285714285718,R,125,,0.1455518445881901,0.1427171763971187,0.14844388238110567,0.04842783384263725,False,longitudinal,Partial Correlation,-0.132,0.04773705262530995,subcortical volume
Right-Accumbens-area,FS6,,0.7840714285714286,0.5362698339922046,0.0611908697066784,0.1141046276109723,390,hc & pd,0.5258258094279692,0.5469252305726741,0.0035714285714285718,R,125,,0.40937355691814087,0.4014008774694891,0.417507591916991,0.20638585234621828,False,longitudinal,Partial Correlation,-0.025,0.04814340088230241,subcortical volume
Right-Accumbens-area,FS7,,0.8449285714285715,0.5362698339922046,0.0611908697066784,0.1141046276109723,390,hc & pd,0.5258258094279692,0.5469252305726741,0.0035714285714285718,R,125,,0.4169631288506574,0.40884264008909854,0.4252479646100406,0.15507142856579734,False,longitudinal,Partial Correlation,-0.018,0.0481506504496259,subcortical volume
Right-Amygdala,FS5,,0.9817857142857143,0.580230428886389,0.0363417528233613,0.0626333108608427,390,hc & pd,0.5689302578379939,0.5917592991228794,0.0035714285714285718,R,125,,0.46003789183253707,0.4510785084433756,0.46917860023865277,0.01821428570865455,False,longitudinal,Partial Correlation,-0.002,0.05210612650006688,subcortical volume
Right-Amygdala,FS6,,0.738642857142857,0.580230428886389,0.0363417528233613,0.0626333108608427,390,hc & pd,0.5689302578379939,0.5917592991228794,0.0035714285714285718,R,125,,0.4339388713161382,0.42548777460300796,0.4425610060559079,0.2353879395559885,False,longitudinal,Partial Correlation,-0.031,0.052081187650733295,subcortical volume
Right-Amygdala,FS7,,0.12214285714285714,0.580230428886389,0.0363417528233613,0.0626333108608427,390,hc & pd,0.5689302578379939,0.5917592991228794,0.0035714285714285718,R,125,,0.13517826744430925,0.1325456279478283,0.1378641877728072,0.09019552284323253,False,longitudinal,Partial Correlation,-0.141,0.05158566841236756,subcortical volume
Right-Caudate,FS5,,0.18021428571428572,0.5109226384487832,0.0231209560452689,0.0452533403402649,390,hc & pd,0.500972258531533,0.5210743997255338,0.0035714285714285718,R,125,,0.1623244576967041,0.15916313756250983,0.16554975839764405,0.029147984590400803,False,longitudinal,Partial Correlation,-0.122,0.04553947190816123,subcortical volume
Right-Caudate,FS6,,0.01457142857142857,0.5109226384487832,0.0231209560452689,0.0452533403402649,390,hc & pd,0.500972258531533,0.5210743997255338,0.0035714285714285718,R,125,,0.019102694790825974,0.01873066377026072,0.01948225518346756,0.34933280009200196,False,longitudinal,Partial Correlation,-0.221,0.044747715112584095,subcortical volume
Right-Caudate,FS7,,0.01107142857142857,0.5109226384487832,0.0231209560452689,0.0452533403402649,390,hc & pd,0.500972258531533,0.5210743997255338,0.0035714285714285718,R,125,,0.015157798707010504,0.014862595784897127,0.015458976111131414,0.4198550563513621,False,longitudinal,Partial Correlation,-0.229,0.04466295300086259,subcortical volume
Right-Hippocampus,FS5,,0.18835714285714286,0.6302122361696282,0.0212491968664773,0.0337175250604907,390,hc & pd,0.6179386536221283,0.6427342183521081,0.0035714285714285718,R,125,,0.20631380426553675,0.202295777699229,0.2104131499029917,0.09761154241400541,False,longitudinal,Partial Correlation,0.12,0.05618576986329232,subcortical volume
Right-Hippocampus,FS6,,0.956857142857143,0.6302122361696282,0.0212491968664773,0.0337175250604907,390,hc & pd,0.6179386536221283,0.6427342183521081,0.0035714285714285718,R,125,,0.49902648510332853,0.4893077865335727,0.5089418761357672,0.04314285713722582,False,longitudinal,Partial Correlation,0.005,0.05659402207056725,subcortical volume
Right-Hippocampus,FS7,,0.9113571428571429,0.6302122361696282,0.0212491968664773,0.0337175250604907,390,hc & pd,0.6179386536221283,0.6427342183521081,0.0035714285714285718,R,125,,0.49975760443086853,0.4900246670810579,0.5096875224157643,0.0886428571372259,False,longitudinal,Partial Correlation,-0.001,0.0565947012117358,subcortical volume
Right-Pallidum,FS5,,0.6684285714285715,0.572812572781918,0.0389047542958497,0.0679188204736938,390,hc & pd,0.5616568668263893,0.5841940541601137,0.0035714285714285718,R,125,,0.413986960858153,0.4059244339091944,0.42221266174132266,0.1128449239102558,False,longitudinal,Partial Correlation,-0.039,0.05140095249624399,subcortical volume
Right-Pallidum,FS6,,0.32921428571428574,0.572812572781918,0.0389047542958497,0.0679188204736938,390,hc & pd,0.5616568668263893,0.5841940541601137,0.0035714285714285718,R,125,,0.279661880924604,0.27421537737561014,0.2852186138616556,0.03904809632886573,False,longitudinal,Partial Correlation,-0.089,0.051235954063747514,subcortical volume
Right-Pallidum,FS7,,0.533,0.572812572781918,0.0389047542958497,0.0679188204736938,390,hc & pd,0.5616568668263893,0.5841940541601137,0.0035714285714285718,R,125,,0.3724766876243175,0.36522258637048877,0.379877601440541,0.050777234253961585,False,longitudinal,Partial Correlation,0.057,0.05135645516166869,subcortical volume
Right-Putamen,FS5,,0.49892857142857144,0.6574161173265474,0.0317093910138104,0.048233364193686,390,hc & pd,0.644612730592729,0.6704786261690803,0.0035714285714285718,R,125,,0.4122000894569251,0.4041723623934433,0.42039028615505303,0.1426542379007501,False,longitudinal,Partial Correlation,0.062,0.05892413042071462,subcortical volume
Right-Putamen,FS6,,0.021785714285714287,0.6574161173265474,0.0317093910138104,0.048233364193686,390,hc & pd,0.644612730592729,0.6704786261690803,0.0035714285714285718,R,125,,0.03511223604680417,0.03442841414869721,0.035809897515323756,0.3975924233642108,False,longitudinal,Partial Correlation,0.208,0.05774648611588452,subcortical volume
Right-Putamen,FS7,,0.12242857142857143,0.6574161173265474,0.0317093910138104,0.048233364193686,390,hc & pd,0.644612730592729,0.6704786261690803,0.0035714285714285718,R,125,,0.15316048126039958,0.150177632464588,0.15620369862009326,0.15131904862385898,False,longitudinal,Partial Correlation,0.141,0.05844789957403928,subcortical volume
Right-Thalamus,FS5,,0.9254285714285714,0.4915500127265285,0.0245322038689191,0.0499078491176186,390,hc & pd,0.4819769208200747,0.5013168502264952,0.0035714285714285718,R,125,,0.387900954017672,0.38034646029929187,0.3956083398093197,0.07457142856579739,False,longitudinal,Partial Correlation,-0.009,0.044140706441285704,subcortical volume
Right-Thalamus,FS6,,0.8601428571428571,0.4915500127265285,0.0245322038689191,0.0499078491176186,390,hc & pd,0.4819769208200747,0.5013168502264952,0.0035714285714285718,R,125,,0.3837814441959153,0.3763071792337393,0.3914069775168745,0.13985714285151157,False,longitudinal,Partial Correlation,-0.016,0.04413684364758118,subcortical volume
Right-Thalamus,FS7,,0.8715,0.4915500127265285,0.0245322038689191,0.0499078491176186,390,hc & pd,0.4819769208200747,0.5013168502264952,0.0035714285714285718,R,125,,0.3837814441959153,0.3763071792337393,0.3914069775168745,0.12849999999436876,False,longitudinal,Partial Correlation,-0.016,0.04413684364758118,subcortical volume
