region,hemisphere,NPVR,num,anat,n,timepoint,NPVR_CI_low,NPVR_CI_high
BrainSegVolNotVent,lh,0.02543405036807457,2748.4335500323227,108061.18216555167,198,hc & pd,0.024741189945977675,0.02614665932859913
BrainSegVolNotVent,rh,0.02543405036807457,2748.4335500323227,108061.18216555167,198,hc & pd,0.024741189945977675,0.02614665932859913
WhiteSurfArea,lh,0.04624440834505628,384.4918641193472,8314.342812009421,198,hc & pd,0.04498464358789454,0.04754008006402908
WhiteSurfArea,rh,0.046405131487687,387.437263774902,8349.017691668507,198,hc & pd,0.04514098839900384,0.04770530633337161
bankssts,lh,0.1625170271542639,29.33760021414135,180.52016288910826,198,hc & pd,0.15808982761653803,0.16707041476307788
bankssts,rh,0.17616855248516716,22.129180670341977,125.61368279509014,198,hc & pd,0.17136946559697397,0.18110442731622242
caudalanteriorcingulate,lh,0.16078114688896147,22.427887894319326,139.49326975387515,198,hc & pd,0.15640123524741895,0.16528589875893124
caudalanteriorcingulate,rh,0.13532538062649332,22.158536637619957,163.7426514895896,198,hc & pd,0.13163892097950816,0.13911691510194132
caudalmiddlefrontal,lh,0.11995349457675379,43.10170810591202,359.32015368116544,198,hc & pd,0.11668578740146368,0.12331434091638853
caudalmiddlefrontal,rh,0.14011229409937498,51.32327074201448,366.3009807377312,198,hc & pd,0.1362954319863506,0.14403794789064822
cuneus,lh,0.1279474329970771,29.708415792835016,232.19235507064602,198,hc & pd,0.12446195934464442,0.1315322527922081
cuneus,rh,0.12718358626105503,31.520840653342287,247.83733168714954,198,hc & pd,0.12371892090161064,0.13074700466629022
eTIV,lh,0.0006775018545617861,114.82821427547877,169487.675203119,198,hc & pd,0.000659045721380878,0.0006964840412503345
eTIV,rh,0.0006775018545617861,114.82821427547877,169487.675203119,198,hc & pd,0.000659045721380878,0.0006964840412503345
entorhinal,lh,0.32137996242585765,28.616420159053835,89.0423284110491,198,hc & pd,0.31262510611326,0.33038435762219576
entorhinal,rh,0.3186988986766939,23.43320517759158,73.52772562092706,198,hc & pd,0.31001707842929355,0.3276281760674233
frontalpole,lh,0.3773811419886781,13.101480073212343,34.71683827170517,198,hc & pd,0.3671007323195249,0.3879545732519772
frontalpole,rh,0.3955354638838704,16.524254030090777,41.77692151251023,198,hc & pd,0.3847605041548897,0.4066175413229669
fusiform,lh,0.1458844731994507,53.13683147650845,364.2391154530935,198,hc & pd,0.14191036855565278,0.14997185139123978
fusiform,rh,0.1441965272391274,53.58353346201665,371.60072082149895,198,hc & pd,0.1402684046915203,0.1482366127111648
inferiorparietal,lh,0.09004987822348304,57.65579279561111,640.2650834521145,198,hc & pd,0.08759678893047713,0.09257288770044576
inferiorparietal,rh,0.09139529202978262,68.60637241294963,750.6554319077304,198,hc & pd,0.08890555171327723,0.09395599719107826
inferiortemporal,lh,0.15422950875324368,69.64737584379588,451.5826861332144,198,hc & pd,0.150028073237149,0.15855069740877997
inferiortemporal,rh,0.13430413106731318,60.68253378658399,451.82924236462935,198,hc & pd,0.13064549173956147,0.13806705226346544
insula,lh,0.29588321137392926,77.8642539520674,263.158742905709,198,hc & pd,0.28782292354099903,0.30417324086756065
insula,rh,0.38443940393084675,102.64590120122202,267.0015096051029,198,hc & pd,0.37396671696894035,0.3952105929493177
isthmuscingulate,lh,0.12107979394587329,24.29361864276104,200.64139400188523,198,hc & pd,0.11778140474216055,0.1244721968410331
isthmuscingulate,rh,0.15522936891425335,24.02260978507083,154.7555720486154,198,hc & pd,0.151000695757155,0.15957857156283028
lateraloccipital,lh,0.08666741907078702,56.750415967724095,654.8068071736654,198,hc & pd,0.08430647287108899,0.08909565910812306
lateraloccipital,rh,0.0886034393442928,58.94144006251761,665.2274505223729,198,hc & pd,0.08618975314430077,0.09108592262541783
lateralorbitofrontal,lh,0.16377928776878697,48.976321761031556,299.03855626831864,198,hc & pd,0.1593177024211127,0.16836804128320423
lateralorbitofrontal,rh,0.3435772758377147,122.86659017865264,357.60976880405633,198,hc & pd,0.33421773251233744,0.3532035933864877
lingual,lh,0.11452075351698329,45.1041852729603,393.8516285283733,198,hc & pd,0.11140104208792087,0.11772938580091805
lingual,rh,0.11931388006722711,48.75738965370322,408.6480938029255,198,hc & pd,0.11606359691888657,0.12265680574443592
medialorbitofrontal,lh,0.2843598979190329,70.52712863945244,248.0206567648085,198,hc & pd,0.2766135218582652,0.2923270682414329
medialorbitofrontal,rh,0.23458105817186337,59.95775060016726,255.59502147117027,198,hc & pd,0.22819072990606312,0.24115352939069964
middletemporal,lh,0.13350963209931205,60.85571788565475,455.8151867303987,198,hc & pd,0.12987263607580635,0.13725029309405984
middletemporal,rh,0.10727431282651685,47.9306146720843,446.8042107116296,198,hc & pd,0.10435200495224957,0.11027991497985086
paracentral,lh,0.15140705322735754,24.720861996925144,163.27417692888804,198,hc & pd,0.14728250549353564,0.1556491625750635
paracentral,rh,0.1358936543950591,28.381437979003486,208.85035512030055,198,hc & pd,0.1321917141463822,0.13970111071439947
parahippocampal,lh,0.23792837460620275,20.273261793434813,85.20741516008445,198,hc & pd,0.2314468605857144,0.24459463063910922
parahippocampal,rh,0.28488422991952733,21.960830249971547,77.08685825177102,198,hc & pd,0.2771235702945643,0.29286609092927113
parsopercularis,lh,0.11970123024048641,31.929169619203574,266.740530193851,198,hc & pd,0.11644039511160562,0.12305500866038979
parsopercularis,rh,0.18139783227989978,37.33780806932715,205.83381620412263,198,hc & pd,0.17645629222544293,0.1864802206070317
parsorbitalis,lh,0.18122124690462268,17.839265292309157,98.43914881403514,198,hc & pd,0.17628451729191144,0.18629868767841964
parsorbitalis,rh,0.186131721787977,23.060387600850866,123.89283986272366,198,hc & pd,0.18106122371718927,0.19134674381020544
parstriangularis,lh,0.1260441207856303,27.803858742889652,220.58830328292026,198,hc & pd,0.12261049611844067,0.12957561374854526
parstriangularis,rh,0.16903259857847758,42.94998075588448,254.09288573377688,198,hc & pd,0.16442790542483712,0.17376853888781071
pericalcarine,lh,0.1440878822847119,38.97643282115894,270.5045851402206,198,hc & pd,0.14016271938324396,0.14812492375208186
pericalcarine,rh,0.16075829641487394,45.80598319377171,284.9369781548243,198,hc & pd,0.15637900725338835,0.16526240806229356
postcentral,lh,0.1216786992946906,61.86780999013875,508.45226279336407,198,hc & pd,0.11836399504061143,0.1250878822666332
postcentral,rh,0.1750970423646856,86.46115511726259,493.7899232882787,198,hc & pd,0.17032714496631465,0.1800028957205099
posteriorcingulate,lh,0.1600296749708746,27.373609532440156,171.05333456074413,198,hc & pd,0.15567023451433112,0.1645133721674966
posteriorcingulate,rh,0.14179312747606607,27.260977487076534,192.25880670188366,198,hc & pd,0.13793047702394529,0.14576587470735555
precentral,lh,0.109083047641389,57.18122569403853,524.199011032604,198,hc & pd,0.10611146720733837,0.11213932676585571
precentral,rh,0.15424827737898977,90.93644142573636,589.5459124143376,198,hc & pd,0.15004633057830738,0.1585699918922125
precuneus,lh,0.11186596192789766,55.41171197858647,495.34023597188263,198,hc & pd,0.10881857087228633,0.11500021249726751
precuneus,rh,0.09125518846154416,45.853508083615615,502.47562748652626,198,hc & pd,0.08876926476944667,0.09381196821352893
rostralanteriorcingulate,lh,0.20209228326163636,37.01469646596814,183.1573965545607,198,hc & pd,0.19658699634677904,0.20775448687533518
rostralanteriorcingulate,rh,0.17276818298420044,22.26143368432118,128.8514661658332,198,hc & pd,0.16806172709317954,0.17760878656508453
rostralmiddlefrontal,lh,0.1596031156135336,122.54322707494894,767.799717467156,198,hc & pd,0.15525529525257456,0.16407486150802958
rostralmiddlefrontal,rh,0.1770472915496215,151.18128229562717,853.9033891589085,198,hc & pd,0.17222426653477133,0.18200778681360943
superiorfrontal,lh,0.11149638460884675,101.508338674775,910.4182080063675,198,hc & pd,0.10845906137544893,0.11462028039377012
superiorfrontal,rh,0.141654624851114,134.86331277005297,952.0572513026029,198,hc & pd,0.13779574741138395,0.1456234915281792
superiorparietal,lh,0.11997683549894932,84.21899400401878,701.9604547309161,198,hc & pd,0.11670849248308444,0.12333833580246564
superiorparietal,rh,0.16652011150945895,102.07437033103402,612.9852388744997,198,hc & pd,0.16198386214774158,0.1711856571796106
superiortemporal,lh,0.11385278497221635,53.225762948893845,467.49636350030966,198,hc & pd,0.11075126997514871,0.11704270217288827
superiortemporal,rh,0.10919837155572466,42.90577966330327,392.9159295329616,198,hc & pd,0.10622364953097935,0.11225788181536367
supramarginal,lh,0.09498086150462194,65.36188829384018,688.1585117087989,198,hc & pd,0.09239344507503809,0.0976420268324808
supramarginal,rh,0.14106476428577128,77.06652077723909,546.3201329363617,198,hc & pd,0.1372219555033871,0.14501710430199244
temporalpole,lh,0.3966183294570134,26.708125842409572,67.3396155920834,198,hc & pd,0.38581387089920977,0.4077307465274034
temporalpole,rh,0.3554778762416623,23.629340209276236,66.4720416896281,198,hc & pd,0.3457941433004056,0.36543762375384065
transversetemporal,lh,0.18387729458180202,13.495776196128,73.3955555895135,198,hc & pd,0.17886821037797815,0.18902915226312836
transversetemporal,rh,0.2317023016633212,10.308611678954385,44.49076079500272,198,hc & pd,0.2253903949002214,0.23819411613840383
