region,groups,p_value,std_p,sample_size,proba_significant,std_p_low,std_p_high,alpha,significant,metric,test,study
superiorfrontal,HC_vs_MildPD,0.247,0.035814165272479534,57,1.337675592016746e-15,0.03483853546485417,0.036817603368950055,0.05,False,cortical thickness,T,cross-sectional
caudalmiddlefrontal,HC_vs_MildPD,0.137,0.06458688994250489,57,0.05702971129247322,0.06282744938231552,0.0663964796790737,0.05,False,cortical thickness,T,cross-sectional
lateralorbitofrontal,HC_vs_MildPD,0.005,0.0030616823144829224,57,0.9999999997135319,0.002978277647509314,0.0031474642571938144,0.05,True,cortical thickness,T,cross-sectional
precentral,HC_vs_MildPD,0.256,0.12613627892270524,57,0.01733442049123061,0.12270014373419369,0.12967035396410612,0.05,False,cortical thickness,T,cross-sectional
paracentral,HC_vs_MildPD,0.713,0.15519455023238413,57,8.386861338776403e-07,0.15096682558668162,0.15954277733423006,0.05,False,cortical thickness,T,cross-sectional
fusiform,HC_vs_MildPD,0.924,0.16261845015462206,57,0.0009320096409925453,0.1581884877072604,0.1671746794240372,0.05,False,cortical thickness,T,cross-sectional
transversetemporal,HC_vs_MildPD,0.218,0.08979710662263136,57,0.0067337837998734055,0.08735090319465781,0.09231303396736874,0.05,False,cortical thickness,T,cross-sectional
middletemporal,HC_vs_MildPD,0.386,0.09511257308378412,57,2.236155212503541e-07,0.0925215686397467,0.09777742869495043,0.05,False,cortical thickness,T,cross-sectional
inferiortemporal,HC_vs_MildPD,0.897,0.13392030435384106,57,3.217149790205563e-06,0.13027212102247449,0.13767247152728168,0.05,False,cortical thickness,T,cross-sectional
lingual,HC_vs_MildPD,0.342,0.10910399899380585,57,8.569582314026752e-05,0.10613184781452706,0.11216086513140064,0.05,False,cortical thickness,T,cross-sectional
pericalcarine,HC_vs_MildPD,0.172,0.11453604695946906,57,0.12162377037248169,0.11141591891485143,0.11774510773371485,0.05,False,cortical thickness,T,cross-sectional
cuneus,HC_vs_MildPD,0.147,0.0444206220287334,57,0.002651900548959546,0.04321053985608554,0.045665195064944875,0.05,False,cortical thickness,T,cross-sectional
lateraloccipital,HC_vs_MildPD,0.573,0.10640176933242411,57,2.8715461057763133e-11,0.10350323080849093,0.10938292463976465,0.05,False,cortical thickness,T,cross-sectional
superiorparietal,HC_vs_MildPD,0.91,0.07597573927447032,57,4.1976353386515717e-16,0.07390604993985657,0.0781044207784365,0.05,False,cortical thickness,T,cross-sectional
inferiorparietal,HC_vs_MildPD,0.234,0.057961935970419175,57,4.251233054727982e-06,0.05638296876539915,0.05958590833597358,0.05,False,cortical thickness,T,cross-sectional
precuneus,HC_vs_MildPD,0.358,0.07369250316094898,57,6.999520898494871e-10,0.07168501248972024,0.07575721315861,0.05,False,cortical thickness,T,cross-sectional
postcentral,HC_vs_MildPD,0.497,0.12708500765487898,57,7.756960893293373e-07,0.12362302771964731,0.1306456640934962,0.05,False,cortical thickness,T,cross-sectional
posteriorcingulate,HC_vs_MildPD,0.911,0.17067178943262176,57,0.0008581601043182615,0.16602244234259828,0.17545365644547903,0.05,False,cortical thickness,T,cross-sectional
isthmuscingulate,HC_vs_MildPD,0.66,0.162978183055847,57,4.50665097523238e-06,0.15853842096249202,0.16754449128968577,0.05,False,cortical thickness,T,cross-sectional
MeanThickness,HC_vs_MildPD,0.535,0.058632810657483284,57,4.7634407428007375e-31,0.05703556785293711,0.06027557953033685,0.05,False,cortical thickness,T,cross-sectional
superiorfrontal,HC_vs_ModPD,0.05,0.018109440597450847,57,0.5458531037179383,0.017616113169270618,0.018616829293040957,0.05,False,cortical thickness,T,cross-sectional
caudalmiddlefrontal,HC_vs_ModPD,0.044,0.01572614492615765,57,0.6836052789029797,0.015297741928844588,0.016166758655654485,0.05,True,cortical thickness,T,cross-sectional
lateralorbitofrontal,HC_vs_ModPD,0.028,0.025672071643229842,57,0.8370800507291496,0.024972727176366758,0.026391349462666632,0.05,True,cortical thickness,T,cross-sectional
precentral,HC_vs_ModPD,0.453,0.08588926556592344,57,1.1819026392004032e-11,0.08354951739634779,0.08829570336758705,0.05,False,cortical thickness,T,cross-sectional
paracentral,HC_vs_ModPD,0.401,0.04679410726012708,57,2.2705143283773204e-28,0.04551936790722418,0.0481051803943995,0.05,False,cortical thickness,T,cross-sectional
fusiform,HC_vs_ModPD,0.112,0.04253953869869547,57,0.04591937136423287,0.04138069996431984,0.043731407709512664,0.05,False,cortical thickness,T,cross-sectional
transversetemporal,HC_vs_ModPD,0.737,0.11538546498088335,57,1.3806156878412211e-11,0.11224219755734899,0.11861832467368638,0.05,False,cortical thickness,T,cross-sectional
middletemporal,HC_vs_ModPD,0.14,0.061257122192936476,57,0.03900472275951187,0.059588389335809074,0.06297341879292383,0.05,False,cortical thickness,T,cross-sectional
inferiortemporal,HC_vs_ModPD,0.064,0.03832761299704423,57,0.42330719308311376,0.03728351322784537,0.039401472648257906,0.05,False,cortical thickness,T,cross-sectional
lingual,HC_vs_ModPD,0.774,0.1841750162865527,57,5.8093999744244686e-05,0.17915782171166966,0.18933521550811647,0.05,False,cortical thickness,T,cross-sectional
pericalcarine,HC_vs_ModPD,0.459,0.18664630194200943,57,0.002310396110707656,0.18156178596146824,0.19187574142521502,0.05,False,cortical thickness,T,cross-sectional
cuneus,HC_vs_ModPD,0.504,0.11142827389590522,57,9.850468766619625e-09,0.10839280609711711,0.11455026136093273,0.05,False,cortical thickness,T,cross-sectional
lateraloccipital,HC_vs_ModPD,0.337,0.06453678443827417,57,5.022243132489314e-11,0.06277870882469408,0.06634497032328299,0.05,False,cortical thickness,T,cross-sectional
superiorparietal,HC_vs_ModPD,0.317,0.03636458630611389,57,1.9295080961623115e-27,0.03537396223119033,0.03738344605013769,0.05,False,cortical thickness,T,cross-sectional
inferiorparietal,HC_vs_ModPD,0.032,0.00804101379233297,57,0.9775279441890573,0.007821964913777789,0.00826630620141425,0.05,True,cortical thickness,T,cross-sectional
precuneus,HC_vs_ModPD,0.073,0.01052100662207106,57,0.008178625297889833,0.01023439914180113,0.010815783249628466,0.05,False,cortical thickness,T,cross-sectional
postcentral,HC_vs_ModPD,0.169,0.03676190726909676,57,7.074970380406702e-06,0.035760459594859045,0.03779189911651459,0.05,False,cortical thickness,T,cross-sectional
posteriorcingulate,HC_vs_ModPD,0.05,0.03558702606466997,57,0.5911118542213504,0.03461758385851274,0.03658410019502306,0.05,False,cortical thickness,T,cross-sectional
isthmuscingulate,HC_vs_ModPD,0.146,0.07942028802418018,57,0.08305799730644535,0.07725676418557988,0.08164547858857854,0.05,False,cortical thickness,T,cross-sectional
MeanThickness,HC_vs_ModPD,0.095,0.008208971966076799,57,2.567107010452203e-11,0.007985347663258835,0.008438970212327979,0.05,False,cortical thickness,T,cross-sectional
superiorfrontal,HC_vs_SevPD,0.015,0.0034815239269194945,56,0.9999999999806751,0.0033866821654761903,0.0035790689545772843,0.05,True,cortical thickness,T,cross-sectional
caudalmiddlefrontal,HC_vs_SevPD,0.021,0.012336063844134217,56,0.9719178162876121,0.012000011572538903,0.012681694583466532,0.05,True,cortical thickness,T,cross-sectional
lateralorbitofrontal,HC_vs_SevPD,0.068,0.04828512912711439,56,0.433609968861459,0.04696977217594593,0.04963797757941035,0.05,False,cortical thickness,T,cross-sectional
precentral,HC_vs_SevPD,0.015,0.0017366185002035354,56,1.0,0.0016893104934307484,0.0017852749228475335,0.05,True,cortical thickness,T,cross-sectional
paracentral,HC_vs_SevPD,0.015,0.0003700421627104463,56,1.0,0.0003599616774814388,0.00038040997110522516,0.05,True,cortical thickness,T,cross-sectional
fusiform,HC_vs_SevPD,0.003,0.0004903200135196749,56,1.0,0.00047696298518115166,0.0005040577560381543,0.05,True,cortical thickness,T,cross-sectional
transversetemporal,HC_vs_SevPD,0.013,0.004302320675712799,56,0.9999999628164872,0.004185119220331856,0.004422862713657781,0.05,True,cortical thickness,T,cross-sectional
middletemporal,HC_vs_SevPD,0.006,0.003267604034226735,56,0.9999999995770197,0.003178589760934201,0.0033591554733620028,0.05,True,cortical thickness,T,cross-sectional
inferiortemporal,HC_vs_SevPD,0.001,0.00019317730557490693,56,1.0,0.00018791487558270336,0.00019858973013688175,0.05,True,cortical thickness,T,cross-sectional
lingual,HC_vs_SevPD,0.001,9.33157274137297e-06,56,1.0,9.07736716519265e-06,9.593023916276514e-06,0.05,True,cortical thickness,T,cross-sectional
pericalcarine,HC_vs_SevPD,0.002,0.0005766534669317512,56,1.0,0.000560944590102464,0.0005928100924674514,0.05,True,cortical thickness,T,cross-sectional
cuneus,HC_vs_SevPD,0.001,3.908976856652962e-05,56,1.0,3.802490657417186e-05,4.018498222468552e-05,0.05,True,cortical thickness,T,cross-sectional
lateraloccipital,HC_vs_SevPD,0.001,5.5756348728006954e-05,56,1.0,5.4237464918499365e-05,5.7318525146418974e-05,0.05,True,cortical thickness,T,cross-sectional
superiorparietal,HC_vs_SevPD,0.002,0.0002497806732175524,56,1.0,0.00024297628539207287,0.0002567790058985361,0.05,True,cortical thickness,T,cross-sectional
inferiorparietal,HC_vs_SevPD,0.002,0.00041899273054635315,56,1.0,0.00040757876085058384,0.00043073203159597163,0.05,True,cortical thickness,T,cross-sectional
precuneus,HC_vs_SevPD,0.001,0.00013282201636628959,56,1.0,0.00012920375199268347,0.00013654341180460193,0.05,True,cortical thickness,T,cross-sectional
postcentral,HC_vs_SevPD,0.009,0.0006458381132679182,56,1.0,0.0006282445463255978,0.0006639331480697949,0.05,True,cortical thickness,T,cross-sectional
posteriorcingulate,HC_vs_SevPD,0.061,0.03394783514868007,56,0.43637463804225124,0.03302304688059067,0.034898982573776216,0.05,False,cortical thickness,T,cross-sectional
isthmuscingulate,HC_vs_SevPD,0.016,0.0025334456948444615,56,1.0,0.0024644309595550787,0.002604427550939811,0.05,True,cortical thickness,T,cross-sectional
MeanThickness,HC_vs_SevPD,0.001,0.00019819469607462237,56,1.0,0.00019279558508787997,0.00020374769743725633,0.05,True,cortical thickness,T,cross-sectional
superiorfrontal,MildPD_vs_ModPD,0.426,0.08904336689683706,54,7.842921833853305e-10,0.08661769643223373,0.091538176028992,0.05,False,cortical thickness,T,cross-sectional
caudalmiddlefrontal,MildPD_vs_ModPD,0.328,0.06253478694625075,54,5.1233579889551516e-11,0.0608312486480918,0.06428688104363166,0.05,False,cortical thickness,T,cross-sectional
lateralorbitofrontal,MildPD_vs_ModPD,0.132,0.11810889153121586,54,0.29602869321361425,0.11489143401833644,0.12141805594682205,0.05,False,cortical thickness,T,cross-sectional
precentral,MildPD_vs_ModPD,0.755,0.13407641712018986,54,8.949179585943816e-09,0.13042398105063885,0.13783295824722974,0.05,False,cortical thickness,T,cross-sectional
paracentral,MildPD_vs_ModPD,0.253,0.06000298209432516,54,8.066006387020381e-07,0.05836841383251457,0.06168414030860167,0.05,False,cortical thickness,T,cross-sectional
fusiform,MildPD_vs_ModPD,0.149,0.06633916642248465,54,0.0350414355608475,0.06453199130944272,0.06819785128558187,0.05,False,cortical thickness,T,cross-sectional
transversetemporal,MildPD_vs_ModPD,0.115,0.048976562678945304,54,0.06500419547253425,0.04764237007495551,0.05034878365498449,0.05,False,cortical thickness,T,cross-sectional
middletemporal,MildPD_vs_ModPD,0.584,0.1110833457980677,54,1.1452299148068107e-10,0.10805727434095547,0.11419566909833573,0.05,False,cortical thickness,T,cross-sectional
inferiortemporal,MildPD_vs_ModPD,0.122,0.045572040161882814,54,0.030150179901885874,0.044330591689247384,0.046848873528915334,0.05,False,cortical thickness,T,cross-sectional
lingual,MildPD_vs_ModPD,0.691,0.13193448072768177,54,5.448231498418512e-09,0.1283403941121712,0.13563100927142926,0.05,False,cortical thickness,T,cross-sectional
pericalcarine,MildPD_vs_ModPD,0.694,0.18544174274807296,54,5.5162998658379684e-05,0.18039004070709208,0.19063743299894398,0.05,False,cortical thickness,T,cross-sectional
cuneus,MildPD_vs_ModPD,0.492,0.12691269864504723,54,9.379830492512292e-07,0.12345541265716391,0.13046852734515613,0.05,False,cortical thickness,T,cross-sectional
lateraloccipital,MildPD_vs_ModPD,0.175,0.05667297492930529,54,0.001866977962629648,0.05512912089258081,0.05826083329907952,0.05,False,cortical thickness,T,cross-sectional
superiorparietal,MildPD_vs_ModPD,0.386,0.061914209061549486,54,1.271036494889744e-15,0.06022757620506875,0.06364891586296527,0.05,False,cortical thickness,T,cross-sectional
inferiorparietal,MildPD_vs_ModPD,0.243,0.07112447818320973,54,7.864945631287197e-05,0.06918694423709096,0.07311723748550353,0.05,False,cortical thickness,T,cross-sectional
precuneus,MildPD_vs_ModPD,0.239,0.0525649864312661,54,1.836932894314646e-07,0.05113303995953937,0.054037747544761074,0.05,False,cortical thickness,T,cross-sectional
postcentral,MildPD_vs_ModPD,0.401,0.06892141072511218,54,7.382195230026083e-14,0.06704389153192637,0.07085244467935635,0.05,False,cortical thickness,T,cross-sectional
posteriorcingulate,MildPD_vs_ModPD,0.047,0.030104288526154634,54,0.618792294889676,0.029284204042822014,0.030947747803914107,0.05,True,cortical thickness,T,cross-sectional
isthmuscingulate,MildPD_vs_ModPD,0.316,0.1279462067678248,54,0.0023721210236752072,0.12446076651965556,0.13153099220657374,0.05,False,cortical thickness,T,cross-sectional
MeanThickness,MildPD_vs_ModPD,0.302,0.02939822302042327,54,1.1726510007290828e-36,0.02859737278555871,0.030221899817656845,0.05,False,cortical thickness,T,cross-sectional
superiorfrontal,MildPD_vs_SevPD,0.104,0.024870841503158662,53,0.0048433279365326775,0.024193323707431807,0.025567670527810723,0.05,False,cortical thickness,T,cross-sectional
caudalmiddlefrontal,MildPD_vs_SevPD,0.14,0.038763669882104806,53,0.0015742459253394894,0.03770769129089102,0.03984974693633118,0.05,False,cortical thickness,T,cross-sectional
lateralorbitofrontal,MildPD_vs_SevPD,0.715,0.16313929491275128,53,3.0726398504496398e-06,0.15869514389873424,0.1677101171642638,0.05,False,cortical thickness,T,cross-sectional
precentral,MildPD_vs_SevPD,0.054,0.004889457886163154,53,0.209233488778074,0.0047562619615736405,0.005026450282237077,0.05,False,cortical thickness,T,cross-sectional
paracentral,MildPD_vs_SevPD,0.02,0.0006421032418439727,53,1.0,0.0006246114182163748,0.0006600936333505585,0.05,True,cortical thickness,T,cross-sectional
fusiform,MildPD_vs_SevPD,0.002,0.0009818891992872257,53,1.0,0.000955141113346322,0.0010093996835210954,0.05,True,cortical thickness,T,cross-sectional
transversetemporal,MildPD_vs_SevPD,0.001,0.001157401690498346,53,1.0,0.0011258723897299191,0.0011898296680968598,0.05,True,cortical thickness,T,cross-sectional
middletemporal,MildPD_vs_SevPD,0.038,0.014297400575844903,53,0.8113111625496949,0.013907918646914593,0.014697983873239982,0.05,True,cortical thickness,T,cross-sectional
inferiortemporal,MildPD_vs_SevPD,0.001,0.0003321582423904805,53,1.0,0.00032310977009860725,0.000341464622476,0.05,True,cortical thickness,T,cross-sectional
lingual,MildPD_vs_SevPD,0.001,2.2919700716471105e-06,53,1.0,2.2295334825748403e-06,2.356186285214099e-06,0.05,True,cortical thickness,T,cross-sectional
pericalcarine,MildPD_vs_SevPD,0.001,2.1948042981378013e-05,53,1.0,2.1350146456671654e-05,2.256298129706761e-05,0.05,True,cortical thickness,T,cross-sectional
cuneus,MildPD_vs_SevPD,0.006,0.001912734524810615,53,1.0,0.001860628862085221,0.001966325350564253,0.05,True,cortical thickness,T,cross-sectional
lateraloccipital,MildPD_vs_SevPD,0.001,0.00012942684213872833,53,1.0,0.00012590106723551155,0.0001330531118875775,0.05,True,cortical thickness,T,cross-sectional
superiorparietal,MildPD_vs_SevPD,0.004,0.001331638269076741,53,1.0,0.0012953625111915162,0.0013689479916332637,0.05,True,cortical thickness,T,cross-sectional
inferiorparietal,MildPD_vs_SevPD,0.026,0.006702300751064225,53,0.9983781267457651,0.006519720357450175,0.006890085217251098,0.05,True,cortical thickness,T,cross-sectional
precuneus,MildPD_vs_SevPD,0.026,0.0015918312127056345,53,1.0,0.0015484674216467537,0.001636430998009221,0.05,True,cortical thickness,T,cross-sectional
postcentral,MildPD_vs_SevPD,0.026,0.0015184484894618351,53,1.0,0.0014770837502199288,0.0015609922441539197,0.05,True,cortical thickness,T,cross-sectional
posteriorcingulate,MildPD_vs_SevPD,0.093,0.028464985031250212,53,0.044630721696603114,0.027689557552798345,0.029262514449526728,0.05,False,cortical thickness,T,cross-sectional
isthmuscingulate,MildPD_vs_SevPD,0.036,0.0074275844048394745,53,0.9603538736003301,0.007225246232530234,0.0076356898039144465,0.05,True,cortical thickness,T,cross-sectional
MeanThickness,MildPD_vs_SevPD,0.001,0.0008695463318672457,53,1.0,0.0008458586285792709,0.0008939092036360954,0.05,True,cortical thickness,T,cross-sectional
superiorfrontal,ModPD_vs_SevPD,0.426,0.04568030822384738,53,1.6842966863950993e-33,0.04443591037216979,0.04696017503580814,0.05,False,cortical thickness,T,cross-sectional
caudalmiddlefrontal,ModPD_vs_SevPD,0.328,0.10935976396278575,53,0.0001901518719697505,0.10638064537478523,0.11242379610052783,0.05,False,cortical thickness,T,cross-sectional
lateralorbitofrontal,ModPD_vs_SevPD,0.132,0.20174085161377434,53,0.5605603282424771,0.19624513820672848,0.20739320884682777,0.05,False,cortical thickness,T,cross-sectional
precentral,ModPD_vs_SevPD,0.755,0.017172944987348015,53,0.0,0.016705129057899525,0.017654095032247685,0.05,False,cortical thickness,T,cross-sectional
paracentral,ModPD_vs_SevPD,0.253,0.009886061902731507,53,5.064980604361896e-196,0.009616751237553284,0.010163048705629008,0.05,False,cortical thickness,T,cross-sectional
fusiform,ModPD_vs_SevPD,0.064,0.014326846010618883,53,0.16350440635919825,0.013936561945337064,0.014728254307585916,0.05,False,cortical thickness,T,cross-sectional
transversetemporal,ModPD_vs_SevPD,0.058,0.02604734447984255,53,0.4305747225809545,0.025337777036606685,0.026777136660230173,0.05,False,cortical thickness,T,cross-sectional
middletemporal,ModPD_vs_SevPD,0.089,0.027048579338229378,53,0.05491204474215975,0.026311736805239388,0.027806424027806458,0.05,False,cortical thickness,T,cross-sectional
inferiortemporal,ModPD_vs_SevPD,0.042,0.007670925310868376,53,0.8513607998394884,0.007461958179332244,0.007885848613800144,0.05,True,cortical thickness,T,cross-sectional
lingual,ModPD_vs_SevPD,0.001,6.854696999240654e-05,53,1.0,6.667965110787614e-05,7.046751289951308e-05,0.05,True,cortical thickness,T,cross-sectional
pericalcarine,ModPD_vs_SevPD,0.001,0.0006644429674667092,53,1.0,0.00064634257731115,0.000683059271418385,0.05,True,cortical thickness,T,cross-sectional
cuneus,ModPD_vs_SevPD,0.001,0.0006938544535134501,53,1.0,0.0006749528518189525,0.000713294805864651,0.05,True,cortical thickness,T,cross-sectional
lateraloccipital,ModPD_vs_SevPD,0.007,0.0036765223549300166,53,0.9999999940791598,0.003576368553477969,0.0037795308311961706,0.05,True,cortical thickness,T,cross-sectional
superiorparietal,ModPD_vs_SevPD,0.067,0.013491934224050255,53,0.0950137546073156,0.013124394366807821,0.013869950036857419,0.05,False,cortical thickness,T,cross-sectional
inferiorparietal,ModPD_vs_SevPD,0.298,0.02842193201345673,53,7.17374645802571e-38,0.027647677361654553,0.02921825517611085,0.05,False,cortical thickness,T,cross-sectional
precuneus,ModPD_vs_SevPD,0.15,0.01452937609746083,53,2.310046217727652e-20,0.01413357481885963,0.014936458864383334,0.05,False,cortical thickness,T,cross-sectional
postcentral,ModPD_vs_SevPD,0.126,0.01973713898943414,53,4.6996744795246374e-07,0.019199470696209024,0.020290132393765998,0.05,False,cortical thickness,T,cross-sectional
posteriorcingulate,ModPD_vs_SevPD,0.993,0.16457855086853682,53,0.006999999997055568,0.1600951924347577,0.169189698065378,0.05,False,cortical thickness,T,cross-sectional
isthmuscingulate,ModPD_vs_SevPD,0.048,0.023010996200832298,53,0.5941046346612802,0.022384143288698758,0.02365571624526111,0.05,True,cortical thickness,T,cross-sectional
MeanThickness,ModPD_vs_SevPD,0.013,0.009030146465832636,53,0.9966327861098745,0.008784152178592913,0.009283152306163866,0.05,True,cortical thickness,T,cross-sectional
Thalamus,HC_vs_MildPD,0.324,0.03612831199199141,57,3.3296124455338063e-29,0.03514412437208169,0.0371405518233018,0.05,False,subcortical volume,T,cross-sectional
Caudate,HC_vs_MildPD,0.823,0.07410435094269864,57,2.1039891232120573e-24,0.0720856409405425,0.0761806000548695,0.05,False,subcortical volume,T,cross-sectional
Putamen,HC_vs_MildPD,0.713,0.09805685376448502,57,1.2832643707550163e-15,0.09538564284425992,0.10080420196983134,0.05,False,subcortical volume,T,cross-sectional
Hippocampus,HC_vs_MildPD,0.618,0.07382450722624248,57,3.577190256661056e-24,0.0718134205728137,0.07589291570206136,0.05,False,subcortical volume,T,cross-sectional
Amygdala,HC_vs_MildPD,0.523,0.09061732462851113,57,2.575925882685046e-13,0.08814877727239633,0.09315623276836826,0.05,False,subcortical volume,T,cross-sectional
TotalGrayVol,HC_vs_MildPD,0.703,0.016643237083344566,57,0.0,0.016189851165500407,0.017109545819314273,0.05,False,subcortical volume,T,cross-sectional
Thalamus,HC_vs_ModPD,0.256,0.04422437598275367,57,1.0962060479192452e-11,0.04301963983703762,0.04546345061470751,0.05,False,subcortical volume,T,cross-sectional
Caudate,HC_vs_ModPD,0.397,0.065136290781902,57,4.6965116221779455e-15,0.06336188374598514,0.06696127358231274,0.05,False,subcortical volume,T,cross-sectional
Putamen,HC_vs_ModPD,0.117,0.022920915600691972,57,0.0001413708377110345,0.022296516614760998,0.023563111774879884,0.05,False,subcortical volume,T,cross-sectional
Hippocampus,HC_vs_ModPD,0.032,0.0033704908881121904,57,0.9999982254723965,0.003278673827690604,0.0034649250019665036,0.05,True,subcortical volume,T,cross-sectional
Amygdala,HC_vs_ModPD,0.179,0.07113040321675243,57,0.009778250723273896,0.06919270786412614,0.07312332852610891,0.05,False,subcortical volume,T,cross-sectional
TotalGrayVol,HC_vs_ModPD,0.005,0.0001452397153192156,57,1.0,0.0001412831748152457,0.0001493090287420761,0.05,True,subcortical volume,T,cross-sectional
Thalamus,HC_vs_SevPD,0.14,0.027887742979405064,56,1.4661203754778875e-05,0.02712804041168923,0.028669099281226147,0.05,False,subcortical volume,T,cross-sectional
Caudate,HC_vs_SevPD,0.012,0.0013684909226142237,56,1.0,0.0013312112449947895,0.0014068331795390394,0.05,True,subcortical volume,T,cross-sectional
Putamen,HC_vs_SevPD,0.042,0.009454764942667903,56,0.8077003476032031,0.009197203432243803,0.009719667705707787,0.05,True,subcortical volume,T,cross-sectional
Hippocampus,HC_vs_SevPD,0.028,0.002767354873122635,56,0.9999999999746785,0.0026919681125502637,0.0028448903757657303,0.05,True,subcortical volume,T,cross-sectional
Amygdala,HC_vs_SevPD,0.008,0.0026537106349405677,56,0.9999999999999997,0.002581419708248221,0.002728062063428407,0.05,True,subcortical volume,T,cross-sectional
TotalGrayVol,HC_vs_SevPD,0.001,5.0568815937601395e-06,56,1.0,4.919124804540897e-06,5.198564852379016e-06,0.05,True,subcortical volume,T,cross-sectional
Thalamus,MildPD_vs_ModPD,0.012,0.003555205433665663,54,0.9999999999431569,0.00345835648110942,0.003654814863224543,0.05,True,subcortical volume,T,cross-sectional
Caudate,MildPD_vs_ModPD,0.355,0.06253147715015421,54,5.752433724030075e-13,0.060828029015641515,0.06428347851396256,0.05,False,subcortical volume,T,cross-sectional
Putamen,MildPD_vs_ModPD,0.065,0.019722066737832607,54,0.23465442398039785,0.019184809034602207,0.020274637849159956,0.05,False,subcortical volume,T,cross-sectional
Hippocampus,MildPD_vs_ModPD,0.062,0.014616916153251407,54,0.21190197133364577,0.014218730156560567,0.015026451609669216,0.05,False,subcortical volume,T,cross-sectional
Amygdala,MildPD_vs_ModPD,0.063,0.022249384404426236,54,0.3047669455830539,0.02164327890228424,0.022872765677298585,0.05,False,subcortical volume,T,cross-sectional
TotalGrayVol,MildPD_vs_ModPD,0.017,0.0003240281926557338,54,1.0,0.00031520119471062727,0.00033310678573105884,0.05,True,subcortical volume,T,cross-sectional
Thalamus,MildPD_vs_SevPD,0.008,0.001922121213551679,53,1.0,0.001869759843810332,0.0019759750347153964,0.05,True,subcortical volume,T,cross-sectional
Caudate,MildPD_vs_SevPD,0.019,0.002334382848214715,53,1.0,0.002270790873592379,0.00239978737918241,0.05,True,subcortical volume,T,cross-sectional
Putamen,MildPD_vs_SevPD,0.042,0.008480183183847315,53,0.8300029757886134,0.008249170694086946,0.008717780201870234,0.05,True,subcortical volume,T,cross-sectional
Hippocampus,MildPD_vs_SevPD,0.051,0.011396558095673023,53,0.4930878962597871,0.011086099323344279,0.011715865846526154,0.05,False,subcortical volume,T,cross-sectional
Amygdala,MildPD_vs_SevPD,0.002,0.00032169629960094903,53,1.0,0.00031293282580488,0.0003307095579041167,0.05,True,subcortical volume,T,cross-sectional
TotalGrayVol,MildPD_vs_SevPD,0.001,1.066875881434004e-05,53,1.0,1.0378126350049899e-05,1.0967675149675984e-05,0.05,True,subcortical volume,T,cross-sectional
Thalamus,ModPD_vs_SevPD,0.628,0.09007021609643223,53,6.623015111314852e-17,0.08761657277026876,0.09259379539810991,0.05,False,subcortical volume,T,cross-sectional
Caudate,ModPD_vs_SevPD,0.182,0.01558341132263123,53,4.96445942172833e-32,0.01515889659570198,0.016020025954722468,0.05,False,subcortical volume,T,cross-sectional
Putamen,ModPD_vs_SevPD,0.715,0.09559738275221256,53,2.1896270744788755e-16,0.09299317138962919,0.09827582171753883,0.05,False,subcortical volume,T,cross-sectional
Hippocampus,ModPD_vs_SevPD,0.828,0.08460491124109557,53,9.423273636245478e-19,0.08230015074618215,0.08697536411754604,0.05,False,subcortical volume,T,cross-sectional
Amygdala,ModPD_vs_SevPD,0.206,0.036153320025598124,53,8.203230691284693e-10,0.03516845115058079,0.03716626052976934,0.05,False,subcortical volume,T,cross-sectional
TotalGrayVol,ModPD_vs_SevPD,0.028,0.0034555393689563647,53,0.9999999331694512,0.003361405464560522,0.0035523563635808143,0.05,True,subcortical volume,T,cross-sectional
